0 1024
1 1023
2 1023
3 1023
4 1023
5 1022
6 1022
7 1022
8 1022
9 1021
10 1021
11 1021
12 1021
13 1020
14 1020
15 1020
16 1020
17 1019
18 1019
19 1019
20 1019
21 1018
22 1018
23 1018
24 1018
25 1017
26 1017
27 1017
28 1017
29 1016
30 1016
31 1016
32 1016
33 1015
34 1015
35 1015
36 1015
37 1014
38 1014
39 1014
40 1014
41 1013
42 1013
43 1013
44 1013
45 1012
46 1012
47 1012
48 1012
49 1011
50 1011
51 1011
52 1011
53 1010
54 1010
55 1010
56 1010
57 1009
58 1009
59 1009
60 1009
61 1008
62 1008
63 1008
64 1008
65 1007
66 1007
67 1007
68 1007
69 1006
70 1006
71 1006
72 1006
73 1005
74 1005
75 1005
76 1005
77 1004
78 1004
79 1004
80 1004
81 1003
82 1003
83 1003
84 1003
85 1002
86 1002
87 1002
88 1002
89 1001
90 1001
91 1001
92 1001
93 1001
94 1000
95 1000
96 1000
97 1000
98 999
99 999
100 999
101 999
102 998
103 998
104 998
105 998
106 997
107 997
108 997
109 997
110 996
111 996
112 996
113 996
114 995
115 995
116 995
117 995
118 994
119 994
120 994
121 994
122 993
123 993
124 993
125 993
126 992
127 992
128 992
129 992
130 992
131 991
132 991
133 991
134 991
135 990
136 990
137 990
138 990
139 989
140 989
141 989
142 989
143 988
144 988
145 988
146 988
147 987
148 987
149 987
150 987
151 986
152 986
153 986
154 986
155 985
156 985
157 985
158 985
159 985
160 984
161 984
162 984
163 984
164 983
165 983
166 983
167 983
168 982
169 982
170 982
171 982
172 981
173 981
174 981
175 981
176 980
177 980
178 980
179 980
180 979
181 979
182 979
183 979
184 979
185 978
186 978
187 978
188 978
189 977
190 977
191 977
192 977
193 976
194 976
195 976
196 976
197 975
198 975
199 975
200 975
201 974
202 974
203 974
204 974
205 974
206 973
207 973
208 973
209 973
210 972
211 972
212 972
213 972
214 971
215 971
216 971
217 971
218 970
219 970
220 970
221 970
222 969
223 969
224 969
225 969
226 969
227 968
228 968
229 968
230 968
231 967
232 967
233 967
234 967
235 966
236 966
237 966
238 966
239 965
240 965
241 965
242 965
243 965
244 964
245 964
246 964
247 964
248 963
249 963
250 963
251 963
252 962
253 962
254 962
255 962
256 961
257 961
258 961
259 961
260 961
261 960
262 960
263 960
264 960
265 959
266 959
267 959
268 959
269 958
270 958
271 958
272 958
273 957
274 957
275 957
276 957
277 957
278 956
279 956
280 956
281 956
282 955
283 955
284 955
285 955
286 954
287 954
288 954
289 954
290 954
291 953
292 953
293 953
294 953
295 952
296 952
297 952
298 952
299 951
300 951
301 951
302 951
303 950
304 950
305 950
306 950
307 950
308 949
309 949
310 949
311 949
312 948
313 948
314 948
315 948
316 947
317 947
318 947
319 947
320 947
321 946
322 946
323 946
324 946
325 945
326 945
327 945
328 945
329 944
330 944
331 944
332 944
333 944
334 943
335 943
336 943
337 943
338 942
339 942
340 942
341 942
342 941
343 941
344 941
345 941
346 941
347 940
348 940
349 940
350 940
351 939
352 939
353 939
354 939
355 938
356 938
357 938
358 938
359 938
360 937
361 937
362 937
363 937
364 936
365 936
366 936
367 936
368 936
369 935
370 935
371 935
372 935
373 934
374 934
375 934
376 934
377 933
378 933
379 933
380 933
381 933
382 932
383 932
384 932
385 932
386 931
387 931
388 931
389 931
390 930
391 930
392 930
393 930
394 930
395 929
396 929
397 929
398 929
399 928
400 928
401 928
402 928
403 928
404 927
405 927
406 927
407 927
408 926
409 926
410 926
411 926
412 926
413 925
414 925
415 925
416 925
417 924
418 924
419 924
420 924
421 923
422 923
423 923
424 923
425 923
426 922
427 922
428 922
429 922
430 921
431 921
432 921
433 921
434 921
435 920
436 920
437 920
438 920
439 919
440 919
441 919
442 919
443 919
444 918
445 918
446 918
447 918
448 917
449 917
450 917
451 917
452 917
453 916
454 916
455 916
456 916
457 915
458 915
459 915
460 915
461 914
462 914
463 914
464 914
465 914
466 913
467 913
468 913
469 913
470 912
471 912
472 912
473 912
474 912
475 911
476 911
477 911
478 911
479 910
480 910
481 910
482 910
483 910
484 909
485 909
486 909
487 909
488 908
489 908
490 908
491 908
492 908
493 907
494 907
495 907
496 907
497 906
498 906
499 906
500 906
501 906
502 905
503 905
504 905
505 905
506 905
507 904
508 904
509 904
510 904
511 903
512 903
513 903
514 903
515 903
516 902
517 902
518 902
519 902
520 901
521 901
522 901
523 901
524 901
525 900
526 900
527 900
528 900
529 899
530 899
531 899
532 899
533 899
534 898
535 898
536 898
537 898
538 897
539 897
540 897
541 897
542 897
543 896
544 896
545 896
546 896
547 895
548 895
549 895
550 895
551 895
552 894
553 894
554 894
555 894
556 894
557 893
558 893
559 893
560 893
561 892
562 892
563 892
564 892
565 892
566 891
567 891
568 891
569 891
570 890
571 890
572 890
573 890
574 890
575 889
576 889
577 889
578 889
579 889
580 888
581 888
582 888
583 888
584 887
585 887
586 887
587 887
588 887
589 886
590 886
591 886
592 886
593 885
594 885
595 885
596 885
597 885
598 884
599 884
600 884
601 884
602 884
603 883
604 883
605 883
606 883
607 882
608 882
609 882
610 882
611 882
612 881
613 881
614 881
615 881
616 881
617 880
618 880
619 880
620 880
621 879
622 879
623 879
624 879
625 879
626 878
627 878
628 878
629 878
630 878
631 877
632 877
633 877
634 877
635 876
636 876
637 876
638 876
639 876
640 875
641 875
642 875
643 875
644 875
645 874
646 874
647 874
648 874
649 873
650 873
651 873
652 873
653 873
654 872
655 872
656 872
657 872
658 872
659 871
660 871
661 871
662 871
663 870
664 870
665 870
666 870
667 870
668 869
669 869
670 869
671 869
672 869
673 868
674 868
675 868
676 868
677 867
678 867
679 867
680 867
681 867
682 866
683 866
684 866
685 866
686 866
687 865
688 865
689 865
690 865
691 865
692 864
693 864
694 864
695 864
696 863
697 863
698 863
699 863
700 863
701 862
702 862
703 862
704 862
705 862
706 861
707 861
708 861
709 861
710 861
711 860
712 860
713 860
714 860
715 859
716 859
717 859
718 859
719 859
720 858
721 858
722 858
723 858
724 858
725 857
726 857
727 857
728 857
729 857
730 856
731 856
732 856
733 856
734 856
735 855
736 855
737 855
738 855
739 854
740 854
741 854
742 854
743 854
744 853
745 853
746 853
747 853
748 853
749 852
750 852
751 852
752 852
753 852
754 851
755 851
756 851
757 851
758 851
759 850
760 850
761 850
762 850
763 849
764 849
765 849
766 849
767 849
768 848
769 848
770 848
771 848
772 848
773 847
774 847
775 847
776 847
777 847
778 846
779 846
780 846
781 846
782 846
783 845
784 845
785 845
786 845
787 844
788 844
789 844
790 844
791 844
792 843
793 843
794 843
795 843
796 843
797 842
798 842
799 842
800 842
801 842
802 841
803 841
804 841
805 841
806 841
807 840
808 840
809 840
810 840
811 840
812 839
813 839
814 839
815 839
816 839
817 838
818 838
819 838
820 838
821 838
822 837
823 837
824 837
825 837
826 836
827 836
828 836
829 836
830 836
831 835
832 835
833 835
834 835
835 835
836 834
837 834
838 834
839 834
840 834
841 833
842 833
843 833
844 833
845 833
846 832
847 832
848 832
849 832
850 832
851 831
852 831
853 831
854 831
855 831
856 830
857 830
858 830
859 830
860 830
861 829
862 829
863 829
864 829
865 829
866 828
867 828
868 828
869 828
870 828
871 827
872 827
873 827
874 827
875 827
876 826
877 826
878 826
879 826
880 826
881 825
882 825
883 825
884 825
885 825
886 824
887 824
888 824
889 824
890 824
891 823
892 823
893 823
894 823
895 823
896 822
897 822
898 822
899 822
900 822
901 821
902 821
903 821
904 821
905 821
906 820
907 820
908 820
909 820
910 819
911 819
912 819
913 819
914 819
915 818
916 818
917 818
918 818
919 818
920 818
921 817
922 817
923 817
924 817
925 817
926 816
927 816
928 816
929 816
930 816
931 815
932 815
933 815
934 815
935 815
936 814
937 814
938 814
939 814
940 814
941 813
942 813
943 813
944 813
945 813
946 812
947 812
948 812
949 812
950 812
951 811
952 811
953 811
954 811
955 811
956 810
957 810
958 810
959 810
960 810
961 809
962 809
963 809
964 809
965 809
966 808
967 808
968 808
969 808
970 808
971 807
972 807
973 807
974 807
975 807
976 806
977 806
978 806
979 806
980 806
981 805
982 805
983 805
984 805
985 805
986 804
987 804
988 804
989 804
990 804
991 803
992 803
993 803
994 803
995 803
996 802
997 802
998 802
999 802
1000 802
1001 801
1002 801
1003 801
1004 801
1005 801
1006 801
1007 800
1008 800
1009 800
1010 800
1011 800
1012 799
1013 799
1014 799
1015 799
1016 799
1017 798
1018 798
1019 798
1020 798
1021 798
1022 797
1023 797
1024 797
1025 797
1026 797
1027 796
1028 796
1029 796
1030 796
1031 796
1032 795
1033 795
1034 795
1035 795
1036 795
1037 794
1038 794
1039 794
1040 794
1041 794
1042 793
1043 793
1044 793
1045 793
1046 793
1047 793
1048 792
1049 792
1050 792
1051 792
1052 792
1053 791
1054 791
1055 791
1056 791
1057 791
1058 790
1059 790
1060 790
1061 790
1062 790
1063 789
1064 789
1065 789
1066 789
1067 789
1068 788
1069 788
1070 788
1071 788
1072 788
1073 788
1074 787
1075 787
1076 787
1077 787
1078 787
1079 786
1080 786
1081 786
1082 786
1083 786
1084 785
1085 785
1086 785
1087 785
1088 785
1089 784
1090 784
1091 784
1092 784
1093 784
1094 783
1095 783
1096 783
1097 783
1098 783
1099 783
1100 782
1101 782
1102 782
1103 782
1104 782
1105 781
1106 781
1107 781
1108 781
1109 781
1110 780
1111 780
1112 780
1113 780
1114 780
1115 779
1116 779
1117 779
1118 779
1119 779
1120 779
1121 778
1122 778
1123 778
1124 778
1125 778
1126 777
1127 777
1128 777
1129 777
1130 777
1131 776
1132 776
1133 776
1134 776
1135 776
1136 775
1137 775
1138 775
1139 775
1140 775
1141 775
1142 774
1143 774
1144 774
1145 774
1146 774
1147 773
1148 773
1149 773
1150 773
1151 773
1152 772
1153 772
1154 772
1155 772
1156 772
1157 772
1158 771
1159 771
1160 771
1161 771
1162 771
1163 770
1164 770
1165 770
1166 770
1167 770
1168 769
1169 769
1170 769
1171 769
1172 769
1173 769
1174 768
1175 768
1176 768
1177 768
1178 768
1179 767
1180 767
1181 767
1182 767
1183 767
1184 766
1185 766
1186 766
1187 766
1188 766
1189 766
1190 765
1191 765
1192 765
1193 765
1194 765
1195 764
1196 764
1197 764
1198 764
1199 764
1200 763
1201 763
1202 763
1203 763
1204 763
1205 763
1206 762
1207 762
1208 762
1209 762
1210 762
1211 761
1212 761
1213 761
1214 761
1215 761
1216 760
1217 760
1218 760
1219 760
1220 760
1221 760
1222 759
1223 759
1224 759
1225 759
1226 759
1227 758
1228 758
1229 758
1230 758
1231 758
1232 758
1233 757
1234 757
1235 757
1236 757
1237 757
1238 756
1239 756
1240 756
1241 756
1242 756
1243 755
1244 755
1245 755
1246 755
1247 755
1248 755
1249 754
1250 754
1251 754
1252 754
1253 754
1254 753
1255 753
1256 753
1257 753
1258 753
1259 753
1260 752
1261 752
1262 752
1263 752
1264 752
1265 751
1266 751
1267 751
1268 751
1269 751
1270 751
1271 750
1272 750
1273 750
1274 750
1275 750
1276 749
1277 749
1278 749
1279 749
1280 749
1281 748
1282 748
1283 748
1284 748
1285 748
1286 748
1287 747
1288 747
1289 747
1290 747
1291 747
1292 746
1293 746
1294 746
1295 746
1296 746
1297 746
1298 745
1299 745
1300 745
1301 745
1302 745
1303 744
1304 744
1305 744
1306 744
1307 744
1308 744
1309 743
1310 743
1311 743
1312 743
1313 743
1314 742
1315 742
1316 742
1317 742
1318 742
1319 742
1320 741
1321 741
1322 741
1323 741
1324 741
1325 740
1326 740
1327 740
1328 740
1329 740
1330 740
1331 739
1332 739
1333 739
1334 739
1335 739
1336 739
1337 738
1338 738
1339 738
1340 738
1341 738
1342 737
1343 737
1344 737
1345 737
1346 737
1347 737
1348 736
1349 736
1350 736
1351 736
1352 736
1353 735
1354 735
1355 735
1356 735
1357 735
1358 735
1359 734
1360 734
1361 734
1362 734
1363 734
1364 733
1365 733
1366 733
1367 733
1368 733
1369 733
1370 732
1371 732
1372 732
1373 732
1374 732
1375 731
1376 731
1377 731
1378 731
1379 731
1380 731
1381 730
1382 730
1383 730
1384 730
1385 730
1386 730
1387 729
1388 729
1389 729
1390 729
1391 729
1392 728
1393 728
1394 728
1395 728
1396 728
1397 728
1398 727
1399 727
1400 727
1401 727
1402 727
1403 727
1404 726
1405 726
1406 726
1407 726
1408 726
1409 725
1410 725
1411 725
1412 725
1413 725
1414 725
1415 724
1416 724
1417 724
1418 724
1419 724
1420 724
1421 723
1422 723
1423 723
1424 723
1425 723
1426 722
1427 722
1428 722
1429 722
1430 722
1431 722
1432 721
1433 721
1434 721
1435 721
1436 721
1437 721
1438 720
1439 720
1440 720
1441 720
1442 720
1443 719
1444 719
1445 719
1446 719
1447 719
1448 719
1449 718
1450 718
1451 718
1452 718
1453 718
1454 718
1455 717
1456 717
1457 717
1458 717
1459 717
1460 716
1461 716
1462 716
1463 716
1464 716
1465 716
1466 715
1467 715
1468 715
1469 715
1470 715
1471 715
1472 714
1473 714
1474 714
1475 714
1476 714
1477 713
1478 713
1479 713
1480 713
1481 713
1482 713
1483 712
1484 712
1485 712
1486 712
1487 712
1488 712
1489 711
1490 711
1491 711
1492 711
1493 711
1494 711
1495 710
1496 710
1497 710
1498 710
1499 710
1500 709
1501 709
1502 709
1503 709
1504 709
1505 709
1506 708
1507 708
1508 708
1509 708
1510 708
1511 708
1512 707
1513 707
1514 707
1515 707
1516 707
1517 707
1518 706
1519 706
1520 706
1521 706
1522 706
1523 706
1524 705
1525 705
1526 705
1527 705
1528 705
1529 704
1530 704
1531 704
1532 704
1533 704
1534 704
1535 703
1536 703
1537 703
1538 703
1539 703
1540 703
1541 702
1542 702
1543 702
1544 702
1545 702
1546 702
1547 701
1548 701
1549 701
1550 701
1551 701
1552 701
1553 700
1554 700
1555 700
1556 700
1557 700
1558 700
1559 699
1560 699
1561 699
1562 699
1563 699
1564 698
1565 698
1566 698
1567 698
1568 698
1569 698
1570 697
1571 697
1572 697
1573 697
1574 697
1575 697
1576 696
1577 696
1578 696
1579 696
1580 696
1581 696
1582 695
1583 695
1584 695
1585 695
1586 695
1587 695
1588 694
1589 694
1590 694
1591 694
1592 694
1593 694
1594 693
1595 693
1596 693
1597 693
1598 693
1599 693
1600 692
1601 692
1602 692
1603 692
1604 692
1605 692
1606 691
1607 691
1608 691
1609 691
1610 691
1611 691
1612 690
1613 690
1614 690
1615 690
1616 690
1617 690
1618 689
1619 689
1620 689
1621 689
1622 689
1623 688
1624 688
1625 688
1626 688
1627 688
1628 688
1629 687
1630 687
1631 687
1632 687
1633 687
1634 687
1635 686
1636 686
1637 686
1638 686
1639 686
1640 686
1641 685
1642 685
1643 685
1644 685
1645 685
1646 685
1647 684
1648 684
1649 684
1650 684
1651 684
1652 684
1653 683
1654 683
1655 683
1656 683
1657 683
1658 683
1659 682
1660 682
1661 682
1662 682
1663 682
1664 682
1665 681
1666 681
1667 681
1668 681
1669 681
1670 681
1671 680
1672 680
1673 680
1674 680
1675 680
1676 680
1677 679
1678 679
1679 679
1680 679
1681 679
1682 679
1683 678
1684 678
1685 678
1686 678
1687 678
1688 678
1689 677
1690 677
1691 677
1692 677
1693 677
1694 677
1695 676
1696 676
1697 676
1698 676
1699 676
1700 676
1701 675
1702 675
1703 675
1704 675
1705 675
1706 675
1707 675
1708 674
1709 674
1710 674
1711 674
1712 674
1713 674
1714 673
1715 673
1716 673
1717 673
1718 673
1719 673
1720 672
1721 672
1722 672
1723 672
1724 672
1725 672
1726 671
1727 671
1728 671
1729 671
1730 671
1731 671
1732 670
1733 670
1734 670
1735 670
1736 670
1737 670
1738 669
1739 669
1740 669
1741 669
1742 669
1743 669
1744 668
1745 668
1746 668
1747 668
1748 668
1749 668
1750 667
1751 667
1752 667
1753 667
1754 667
1755 667
1756 666
1757 666
1758 666
1759 666
1760 666
1761 666
1762 666
1763 665
1764 665
1765 665
1766 665
1767 665
1768 665
1769 664
1770 664
1771 664
1772 664
1773 664
1774 664
1775 663
1776 663
1777 663
1778 663
1779 663
1780 663
1781 662
1782 662
1783 662
1784 662
1785 662
1786 662
1787 661
1788 661
1789 661
1790 661
1791 661
1792 661
1793 660
1794 660
1795 660
1796 660
1797 660
1798 660
1799 660
1800 659
1801 659
1802 659
1803 659
1804 659
1805 659
1806 658
1807 658
1808 658
1809 658
1810 658
1811 658
1812 657
1813 657
1814 657
1815 657
1816 657
1817 657
1818 656
1819 656
1820 656
1821 656
1822 656
1823 656
1824 655
1825 655
1826 655
1827 655
1828 655
1829 655
1830 655
1831 654
1832 654
1833 654
1834 654
1835 654
1836 654
1837 653
1838 653
1839 653
1840 653
1841 653
1842 653
1843 652
1844 652
1845 652
1846 652
1847 652
1848 652
1849 652
1850 651
1851 651
1852 651
1853 651
1854 651
1855 651
1856 650
1857 650
1858 650
1859 650
1860 650
1861 650
1862 649
1863 649
1864 649
1865 649
1866 649
1867 649
1868 648
1869 648
1870 648
1871 648
1872 648
1873 648
1874 648
1875 647
1876 647
1877 647
1878 647
1879 647
1880 647
1881 646
1882 646
1883 646
1884 646
1885 646
1886 646
1887 645
1888 645
1889 645
1890 645
1891 645
1892 645
1893 645
1894 644
1895 644
1896 644
1897 644
1898 644
1899 644
1900 643
1901 643
1902 643
1903 643
1904 643
1905 643
1906 642
1907 642
1908 642
1909 642
1910 642
1911 642
1912 642
1913 641
1914 641
1915 641
1916 641
1917 641
1918 641
1919 640
1920 640
1921 640
1922 640
1923 640
1924 640
1925 640
1926 639
1927 639
1928 639
1929 639
1930 639
1931 639
1932 638
1933 638
1934 638
1935 638
1936 638
1937 638
1938 637
1939 637
1940 637
1941 637
1942 637
1943 637
1944 637
1945 636
1946 636
1947 636
1948 636
1949 636
1950 636
1951 635
1952 635
1953 635
1954 635
1955 635
1956 635
1957 635
1958 634
1959 634
1960 634
1961 634
1962 634
1963 634
1964 633
1965 633
1966 633
1967 633
1968 633
1969 633
1970 633
1971 632
1972 632
1973 632
1974 632
1975 632
1976 632
1977 631
1978 631
1979 631
1980 631
1981 631
1982 631
1983 631
1984 630
1985 630
1986 630
1987 630
1988 630
1989 630
1990 629
1991 629
1992 629
1993 629
1994 629
1995 629
1996 629
1997 628
1998 628
1999 628
2000 628
2001 628
2002 628
2003 627
2004 627
2005 627
2006 627
2007 627
2008 627
2009 627
2010 626
2011 626
2012 626
2013 626
2014 626
2015 626
2016 625
2017 625
2018 625
2019 625
2020 625
2021 625
2022 625
2023 624
2024 624
2025 624
2026 624
2027 624
2028 624
2029 623
2030 623
2031 623
2032 623
2033 623
2034 623
2035 623
2036 622
2037 622
2038 622
2039 622
2040 622
2041 622
2042 621
2043 621
2044 621
2045 621
2046 621
2047 621
2048 621
2049 620
2050 620
2051 620
2052 620
2053 620
2054 620
2055 620
2056 619
2057 619
2058 619
2059 619
2060 619
2061 619
2062 618
2063 618
2064 618
2065 618
2066 618
2067 618
2068 618
2069 617
2070 617
2071 617
2072 617
2073 617
2074 617
2075 617
2076 616
2077 616
2078 616
2079 616
2080 616
2081 616
2082 615
2083 615
2084 615
2085 615
2086 615
2087 615
2088 615
2089 614
2090 614
2091 614
2092 614
2093 614
2094 614
2095 614
2096 613
2097 613
2098 613
2099 613
2100 613
2101 613
2102 612
2103 612
2104 612
2105 612
2106 612
2107 612
2108 612
2109 611
2110 611
2111 611
2112 611
2113 611
2114 611
2115 611
2116 610
2117 610
2118 610
2119 610
2120 610
2121 610
2122 609
2123 609
2124 609
2125 609
2126 609
2127 609
2128 609
2129 608
2130 608
2131 608
2132 608
2133 608
2134 608
2135 608
2136 607
2137 607
2138 607
2139 607
2140 607
2141 607
2142 606
2143 606
2144 606
2145 606
2146 606
2147 606
2148 606
2149 605
2150 605
2151 605
2152 605
2153 605
2154 605
2155 605
2156 604
2157 604
2158 604
2159 604
2160 604
2161 604
2162 604
2163 603
2164 603
2165 603
2166 603
2167 603
2168 603
2169 603
2170 602
2171 602
2172 602
2173 602
2174 602
2175 602
2176 601
2177 601
2178 601
2179 601
2180 601
2181 601
2182 601
2183 600
2184 600
2185 600
2186 600
2187 600
2188 600
2189 600
2190 599
2191 599
2192 599
2193 599
2194 599
2195 599
2196 599
2197 598
2198 598
2199 598
2200 598
2201 598
2202 598
2203 598
2204 597
2205 597
2206 597
2207 597
2208 597
2209 597
2210 597
2211 596
2212 596
2213 596
2214 596
2215 596
2216 596
2217 595
2218 595
2219 595
2220 595
2221 595
2222 595
2223 595
2224 594
2225 594
2226 594
2227 594
2228 594
2229 594
2230 594
2231 593
2232 593
2233 593
2234 593
2235 593
2236 593
2237 593
2238 592
2239 592
2240 592
2241 592
2242 592
2243 592
2244 592
2245 591
2246 591
2247 591
2248 591
2249 591
2250 591
2251 591
2252 590
2253 590
2254 590
2255 590
2256 590
2257 590
2258 590
2259 589
2260 589
2261 589
2262 589
2263 589
2264 589
2265 589
2266 588
2267 588
2268 588
2269 588
2270 588
2271 588
2272 588
2273 587
2274 587
2275 587
2276 587
2277 587
2278 587
2279 587
2280 586
2281 586
2282 586
2283 586
2284 586
2285 586
2286 586
2287 585
2288 585
2289 585
2290 585
2291 585
2292 585
2293 585
2294 584
2295 584
2296 584
2297 584
2298 584
2299 584
2300 584
2301 583
2302 583
2303 583
2304 583
2305 583
2306 583
2307 583
2308 582
2309 582
2310 582
2311 582
2312 582
2313 582
2314 582
2315 581
2316 581
2317 581
2318 581
2319 581
2320 581
2321 581
2322 580
2323 580
2324 580
2325 580
2326 580
2327 580
2328 580
2329 579
2330 579
2331 579
2332 579
2333 579
2334 579
2335 579
2336 578
2337 578
2338 578
2339 578
2340 578
2341 578
2342 578
2343 577
2344 577
2345 577
2346 577
2347 577
2348 577
2349 577
2350 576
2351 576
2352 576
2353 576
2354 576
2355 576
2356 576
2357 575
2358 575
2359 575
2360 575
2361 575
2362 575
2363 575
2364 574
2365 574
2366 574
2367 574
2368 574
2369 574
2370 574
2371 573
2372 573
2373 573
2374 573
2375 573
2376 573
2377 573
2378 573
2379 572
2380 572
2381 572
2382 572
2383 572
2384 572
2385 572
2386 571
2387 571
2388 571
2389 571
2390 571
2391 571
2392 571
2393 570
2394 570
2395 570
2396 570
2397 570
2398 570
2399 570
2400 569
2401 569
2402 569
2403 569
2404 569
2405 569
2406 569
2407 568
2408 568
2409 568
2410 568
2411 568
2412 568
2413 568
2414 567
2415 567
2416 567
2417 567
2418 567
2419 567
2420 567
2421 567
2422 566
2423 566
2424 566
2425 566
2426 566
2427 566
2428 566
2429 565
2430 565
2431 565
2432 565
2433 565
2434 565
2435 565
2436 564
2437 564
2438 564
2439 564
2440 564
2441 564
2442 564
2443 563
2444 563
2445 563
2446 563
2447 563
2448 563
2449 563
2450 563
2451 562
2452 562
2453 562
2454 562
2455 562
2456 562
2457 562
2458 561
2459 561
2460 561
2461 561
2462 561
2463 561
2464 561
2465 560
2466 560
2467 560
2468 560
2469 560
2470 560
2471 560
2472 560
2473 559
2474 559
2475 559
2476 559
2477 559
2478 559
2479 559
2480 558
2481 558
2482 558
2483 558
2484 558
2485 558
2486 558
2487 557
2488 557
2489 557
2490 557
2491 557
2492 557
2493 557
2494 557
2495 556
2496 556
2497 556
2498 556
2499 556
2500 556
2501 556
2502 555
2503 555
2504 555
2505 555
2506 555
2507 555
2508 555
2509 554
2510 554
2511 554
2512 554
2513 554
2514 554
2515 554
2516 554
2517 553
2518 553
2519 553
2520 553
2521 553
2522 553
2523 553
2524 552
2525 552
2526 552
2527 552
2528 552
2529 552
2530 552
2531 552
2532 551
2533 551
2534 551
2535 551
2536 551
2537 551
2538 551
2539 550
2540 550
2541 550
2542 550
2543 550
2544 550
2545 550
2546 549
2547 549
2548 549
2549 549
2550 549
2551 549
2552 549
2553 549
2554 548
2555 548
2556 548
2557 548
2558 548
2559 548
2560 548
2561 547
2562 547
2563 547
2564 547
2565 547
2566 547
2567 547
2568 547
2569 546
2570 546
2571 546
2572 546
2573 546
2574 546
2575 546
2576 545
2577 545
2578 545
2579 545
2580 545
2581 545
2582 545
2583 545
2584 544
2585 544
2586 544
2587 544
2588 544
2589 544
2590 544
2591 543
2592 543
2593 543
2594 543
2595 543
2596 543
2597 543
2598 543
2599 542
2600 542
2601 542
2602 542
2603 542
2604 542
2605 542
2606 541
2607 541
2608 541
2609 541
2610 541
2611 541
2612 541
2613 541
2614 540
2615 540
2616 540
2617 540
2618 540
2619 540
2620 540
2621 540
2622 539
2623 539
2624 539
2625 539
2626 539
2627 539
2628 539
2629 538
2630 538
2631 538
2632 538
2633 538
2634 538
2635 538
2636 538
2637 537
2638 537
2639 537
2640 537
2641 537
2642 537
2643 537
2644 536
2645 536
2646 536
2647 536
2648 536
2649 536
2650 536
2651 536
2652 535
2653 535
2654 535
2655 535
2656 535
2657 535
2658 535
2659 535
2660 534
2661 534
2662 534
2663 534
2664 534
2665 534
2666 534
2667 533
2668 533
2669 533
2670 533
2671 533
2672 533
2673 533
2674 533
2675 532
2676 532
2677 532
2678 532
2679 532
2680 532
2681 532
2682 532
2683 531
2684 531
2685 531
2686 531
2687 531
2688 531
2689 531
2690 530
2691 530
2692 530
2693 530
2694 530
2695 530
2696 530
2697 530
2698 529
2699 529
2700 529
2701 529
2702 529
2703 529
2704 529
2705 529
2706 528
2707 528
2708 528
2709 528
2710 528
2711 528
2712 528
2713 528
2714 527
2715 527
2716 527
2717 527
2718 527
2719 527
2720 527
2721 526
2722 526
2723 526
2724 526
2725 526
2726 526
2727 526
2728 526
2729 525
2730 525
2731 525
2732 525
2733 525
2734 525
2735 525
2736 525
2737 524
2738 524
2739 524
2740 524
2741 524
2742 524
2743 524
2744 524
2745 523
2746 523
2747 523
2748 523
2749 523
2750 523
2751 523
2752 523
2753 522
2754 522
2755 522
2756 522
2757 522
2758 522
2759 522
2760 521
2761 521
2762 521
2763 521
2764 521
2765 521
2766 521
2767 521
2768 520
2769 520
2770 520
2771 520
2772 520
2773 520
2774 520
2775 520
2776 519
2777 519
2778 519
2779 519
2780 519
2781 519
2782 519
2783 519
2784 518
2785 518
2786 518
2787 518
2788 518
2789 518
2790 518
2791 518
2792 517
2793 517
2794 517
2795 517
2796 517
2797 517
2798 517
2799 517
2800 516
2801 516
2802 516
2803 516
2804 516
2805 516
2806 516
2807 516
2808 515
2809 515
2810 515
2811 515
2812 515
2813 515
2814 515
2815 515
2816 514
2817 514
2818 514
2819 514
2820 514
2821 514
2822 514
2823 514
2824 513
2825 513
2826 513
2827 513
2828 513
2829 513
2830 513
2831 513
2832 512
2833 512
2834 512
2835 512
2836 512
2837 512
2838 512
2839 512
2840 511
2841 511
2842 511
2843 511
2844 511
2845 511
2846 511
2847 511
2848 510
2849 510
2850 510
2851 510
2852 510
2853 510
2854 510
2855 510
2856 509
2857 509
2858 509
2859 509
2860 509
2861 509
2862 509
2863 509
2864 508
2865 508
2866 508
2867 508
2868 508
2869 508
2870 508
2871 508
2872 507
2873 507
2874 507
2875 507
2876 507
2877 507
2878 507
2879 507
2880 506
2881 506
2882 506
2883 506
2884 506
2885 506
2886 506
2887 506
2888 505
2889 505
2890 505
2891 505
2892 505
2893 505
2894 505
2895 505
2896 504
2897 504
2898 504
2899 504
2900 504
2901 504
2902 504
2903 504
2904 503
2905 503
2906 503
2907 503
2908 503
2909 503
2910 503
2911 503
2912 502
2913 502
2914 502
2915 502
2916 502
2917 502
2918 502
2919 502
2920 501
2921 501
2922 501
2923 501
2924 501
2925 501
2926 501
2927 501
2928 501
2929 500
2930 500
2931 500
2932 500
2933 500
2934 500
2935 500
2936 500
2937 499
2938 499
2939 499
2940 499
2941 499
2942 499
2943 499
2944 499
2945 498
2946 498
2947 498
2948 498
2949 498
2950 498
2951 498
2952 498
2953 497
2954 497
2955 497
2956 497
2957 497
2958 497
2959 497
2960 497
2961 496
2962 496
2963 496
2964 496
2965 496
2966 496
2967 496
2968 496
2969 496
2970 495
2971 495
2972 495
2973 495
2974 495
2975 495
2976 495
2977 495
2978 494
2979 494
2980 494
2981 494
2982 494
2983 494
2984 494
2985 494
2986 493
2987 493
2988 493
2989 493
2990 493
2991 493
2992 493
2993 493
2994 493
2995 492
2996 492
2997 492
2998 492
2999 492
3000 492
3001 492
3002 492
3003 491
3004 491
3005 491
3006 491
3007 491
3008 491
3009 491
3010 491
3011 490
3012 490
3013 490
3014 490
3015 490
3016 490
3017 490
3018 490
3019 490
3020 489
3021 489
3022 489
3023 489
3024 489
3025 489
3026 489
3027 489
3028 488
3029 488
3030 488
3031 488
3032 488
3033 488
3034 488
3035 488
3036 487
3037 487
3038 487
3039 487
3040 487
3041 487
3042 487
3043 487
3044 487
3045 486
3046 486
3047 486
3048 486
3049 486
3050 486
3051 486
3052 486
3053 485
3054 485
3055 485
3056 485
3057 485
3058 485
3059 485
3060 485
3061 485
3062 484
3063 484
3064 484
3065 484
3066 484
3067 484
3068 484
3069 484
3070 483
3071 483
3072 483
3073 483
3074 483
3075 483
3076 483
3077 483
3078 482
3079 482
3080 482
3081 482
3082 482
3083 482
3084 482
3085 482
3086 482
3087 481
3088 481
3089 481
3090 481
3091 481
3092 481
3093 481
3094 481
3095 480
3096 480
3097 480
3098 480
3099 480
3100 480
3101 480
3102 480
3103 480
3104 479
3105 479
3106 479
3107 479
3108 479
3109 479
3110 479
3111 479
3112 479
3113 478
3114 478
3115 478
3116 478
3117 478
3118 478
3119 478
3120 478
3121 477
3122 477
3123 477
3124 477
3125 477
3126 477
3127 477
3128 477
3129 477
3130 476
3131 476
3132 476
3133 476
3134 476
3135 476
3136 476
3137 476
3138 475
3139 475
3140 475
3141 475
3142 475
3143 475
3144 475
3145 475
3146 475
3147 474
3148 474
3149 474
3150 474
3151 474
3152 474
3153 474
3154 474
3155 474
3156 473
3157 473
3158 473
3159 473
3160 473
3161 473
3162 473
3163 473
3164 472
3165 472
3166 472
3167 472
3168 472
3169 472
3170 472
3171 472
3172 472
3173 471
3174 471
3175 471
3176 471
3177 471
3178 471
3179 471
3180 471
3181 471
3182 470
3183 470
3184 470
3185 470
3186 470
3187 470
3188 470
3189 470
3190 469
3191 469
3192 469
3193 469
3194 469
3195 469
3196 469
3197 469
3198 469
3199 468
3200 468
3201 468
3202 468
3203 468
3204 468
3205 468
3206 468
3207 468
3208 467
3209 467
3210 467
3211 467
3212 467
3213 467
3214 467
3215 467
3216 466
3217 466
3218 466
3219 466
3220 466
3221 466
3222 466
3223 466
3224 466
3225 465
3226 465
3227 465
3228 465
3229 465
3230 465
3231 465
3232 465
3233 465
3234 464
3235 464
3236 464
3237 464
3238 464
3239 464
3240 464
3241 464
3242 464
3243 463
3244 463
3245 463
3246 463
3247 463
3248 463
3249 463
3250 463
3251 463
3252 462
3253 462
3254 462
3255 462
3256 462
3257 462
3258 462
3259 462
3260 462
3261 461
3262 461
3263 461
3264 461
3265 461
3266 461
3267 461
3268 461
3269 460
3270 460
3271 460
3272 460
3273 460
3274 460
3275 460
3276 460
3277 460
3278 459
3279 459
3280 459
3281 459
3282 459
3283 459
3284 459
3285 459
3286 459
3287 458
3288 458
3289 458
3290 458
3291 458
3292 458
3293 458
3294 458
3295 458
3296 457
3297 457
3298 457
3299 457
3300 457
3301 457
3302 457
3303 457
3304 457
3305 456
3306 456
3307 456
3308 456
3309 456
3310 456
3311 456
3312 456
3313 456
3314 455
3315 455
3316 455
3317 455
3318 455
3319 455
3320 455
3321 455
3322 455
3323 454
3324 454
3325 454
3326 454
3327 454
3328 454
3329 454
3330 454
3331 454
3332 453
3333 453
3334 453
3335 453
3336 453
3337 453
3338 453
3339 453
3340 453
3341 452
3342 452
3343 452
3344 452
3345 452
3346 452
3347 452
3348 452
3349 452
3350 451
3351 451
3352 451
3353 451
3354 451
3355 451
3356 451
3357 451
3358 451
3359 450
3360 450
3361 450
3362 450
3363 450
3364 450
3365 450
3366 450
3367 450
3368 449
3369 449
3370 449
3371 449
3372 449
3373 449
3374 449
3375 449
3376 449
3377 448
3378 448
3379 448
3380 448
3381 448
3382 448
3383 448
3384 448
3385 448
3386 448
3387 447
3388 447
3389 447
3390 447
3391 447
3392 447
3393 447
3394 447
3395 447
3396 446
3397 446
3398 446
3399 446
3400 446
3401 446
3402 446
3403 446
3404 446
3405 445
3406 445
3407 445
3408 445
3409 445
3410 445
3411 445
3412 445
3413 445
3414 444
3415 444
3416 444
3417 444
3418 444
3419 444
3420 444
3421 444
3422 444
3423 443
3424 443
3425 443
3426 443
3427 443
3428 443
3429 443
3430 443
3431 443
3432 443
3433 442
3434 442
3435 442
3436 442
3437 442
3438 442
3439 442
3440 442
3441 442
3442 441
3443 441
3444 441
3445 441
3446 441
3447 441
3448 441
3449 441
3450 441
3451 440
3452 440
3453 440
3454 440
3455 440
3456 440
3457 440
3458 440
3459 440
3460 439
3461 439
3462 439
3463 439
3464 439
3465 439
3466 439
3467 439
3468 439
3469 439
3470 438
3471 438
3472 438
3473 438
3474 438
3475 438
3476 438
3477 438
3478 438
3479 437
3480 437
3481 437
3482 437
3483 437
3484 437
3485 437
3486 437
3487 437
3488 436
3489 436
3490 436
3491 436
3492 436
3493 436
3494 436
3495 436
3496 436
3497 436
3498 435
3499 435
3500 435
3501 435
3502 435
3503 435
3504 435
3505 435
3506 435
3507 434
3508 434
3509 434
3510 434
3511 434
3512 434
3513 434
3514 434
3515 434
3516 434
3517 433
3518 433
3519 433
3520 433
3521 433
3522 433
3523 433
3524 433
3525 433
3526 432
3527 432
3528 432
3529 432
3530 432
3531 432
3532 432
3533 432
3534 432
3535 432
3536 431
3537 431
3538 431
3539 431
3540 431
3541 431
3542 431
3543 431
3544 431
3545 430
3546 430
3547 430
3548 430
3549 430
3550 430
3551 430
3552 430
3553 430
3554 430
3555 429
3556 429
3557 429
3558 429
3559 429
3560 429
3561 429
3562 429
3563 429
3564 428
3565 428
3566 428
3567 428
3568 428
3569 428
3570 428
3571 428
3572 428
3573 428
3574 427
3575 427
3576 427
3577 427
3578 427
3579 427
3580 427
3581 427
3582 427
3583 426
3584 426
3585 426
3586 426
3587 426
3588 426
3589 426
3590 426
3591 426
3592 426
3593 425
3594 425
3595 425
3596 425
3597 425
3598 425
3599 425
3600 425
3601 425
3602 424
3603 424
3604 424
3605 424
3606 424
3607 424
3608 424
3609 424
3610 424
3611 424
3612 423
3613 423
3614 423
3615 423
3616 423
3617 423
3618 423
3619 423
3620 423
3621 423
3622 422
3623 422
3624 422
3625 422
3626 422
3627 422
3628 422
3629 422
3630 422
3631 421
3632 421
3633 421
3634 421
3635 421
3636 421
3637 421
3638 421
3639 421
3640 421
3641 420
3642 420
3643 420
3644 420
3645 420
3646 420
3647 420
3648 420
3649 420
3650 420
3651 419
3652 419
3653 419
3654 419
3655 419
3656 419
3657 419
3658 419
3659 419
3660 419
3661 418
3662 418
3663 418
3664 418
3665 418
3666 418
3667 418
3668 418
3669 418
3670 417
3671 417
3672 417
3673 417
3674 417
3675 417
3676 417
3677 417
3678 417
3679 417
3680 416
3681 416
3682 416
3683 416
3684 416
3685 416
3686 416
3687 416
3688 416
3689 416
3690 415
3691 415
3692 415
3693 415
3694 415
3695 415
3696 415
3697 415
3698 415
3699 415
3700 414
3701 414
3702 414
3703 414
3704 414
3705 414
3706 414
3707 414
3708 414
3709 414
3710 413
3711 413
3712 413
3713 413
3714 413
3715 413
3716 413
3717 413
3718 413
3719 413
3720 412
3721 412
3722 412
3723 412
3724 412
3725 412
3726 412
3727 412
3728 412
3729 412
3730 411
3731 411
3732 411
3733 411
3734 411
3735 411
3736 411
3737 411
3738 411
3739 411
3740 410
3741 410
3742 410
3743 410
3744 410
3745 410
3746 410
3747 410
3748 410
3749 410
3750 409
3751 409
3752 409
3753 409
3754 409
3755 409
3756 409
3757 409
3758 409
3759 409
3760 408
3761 408
3762 408
3763 408
3764 408
3765 408
3766 408
3767 408
3768 408
3769 408
3770 407
3771 407
3772 407
3773 407
3774 407
3775 407
3776 407
3777 407
3778 407
3779 407
3780 406
3781 406
3782 406
3783 406
3784 406
3785 406
3786 406
3787 406
3788 406
3789 406
3790 405
3791 405
3792 405
3793 405
3794 405
3795 405
3796 405
3797 405
3798 405
3799 405
3800 404
3801 404
3802 404
3803 404
3804 404
3805 404
3806 404
3807 404
3808 404
3809 404
3810 403
3811 403
3812 403
3813 403
3814 403
3815 403
3816 403
3817 403
3818 403
3819 403
3820 402
3821 402
3822 402
3823 402
3824 402
3825 402
3826 402
3827 402
3828 402
3829 402
3830 401
3831 401
3832 401
3833 401
3834 401
3835 401
3836 401
3837 401
3838 401
3839 401
3840 401
3841 400
3842 400
3843 400
3844 400
3845 400
3846 400
3847 400
3848 400
3849 400
3850 400
3851 399
3852 399
3853 399
3854 399
3855 399
3856 399
3857 399
3858 399
3859 399
3860 399
3861 398
3862 398
3863 398
3864 398
3865 398
3866 398
3867 398
3868 398
3869 398
3870 398
3871 397
3872 397
3873 397
3874 397
3875 397
3876 397
3877 397
3878 397
3879 397
3880 397
3881 397
3882 396
3883 396
3884 396
3885 396
3886 396
3887 396
3888 396
3889 396
3890 396
3891 396
3892 395
3893 395
3894 395
3895 395
3896 395
3897 395
3898 395
3899 395
3900 395
3901 395
3902 394
3903 394
3904 394
3905 394
3906 394
3907 394
3908 394
3909 394
3910 394
3911 394
3912 394
3913 393
3914 393
3915 393
3916 393
3917 393
3918 393
3919 393
3920 393
3921 393
3922 393
3923 392
3924 392
3925 392
3926 392
3927 392
3928 392
3929 392
3930 392
3931 392
3932 392
3933 392
3934 391
3935 391
3936 391
3937 391
3938 391
3939 391
3940 391
3941 391
3942 391
3943 391
3944 390
3945 390
3946 390
3947 390
3948 390
3949 390
3950 390
3951 390
3952 390
3953 390
3954 389
3955 389
3956 389
3957 389
3958 389
3959 389
3960 389
3961 389
3962 389
3963 389
3964 389
3965 388
3966 388
3967 388
3968 388
3969 388
3970 388
3971 388
3972 388
3973 388
3974 388
3975 388
3976 387
3977 387
3978 387
3979 387
3980 387
3981 387
3982 387
3983 387
3984 387
3985 387
3986 386
3987 386
3988 386
3989 386
3990 386
3991 386
3992 386
3993 386
3994 386
3995 386
3996 386
3997 385
3998 385
3999 385
4000 385
4001 385
4002 385
4003 385
4004 385
4005 385
4006 385
4007 384
4008 384
4009 384
4010 384
4011 384
4012 384
4013 384
4014 384
4015 384
4016 384
4017 384
4018 383
4019 383
4020 383
4021 383
4022 383
4023 383
4024 383
4025 383
4026 383
4027 383
4028 383
4029 382
4030 382
4031 382
4032 382
4033 382
4034 382
4035 382
4036 382
4037 382
4038 382
4039 381
4040 381
4041 381
4042 381
4043 381
4044 381
4045 381
4046 381
4047 381
4048 381
4049 381
4050 380
4051 380
4052 380
4053 380
4054 380
4055 380
4056 380
4057 380
4058 380
4059 380
4060 380
4061 379
4062 379
4063 379
4064 379
4065 379
4066 379
4067 379
4068 379
4069 379
4070 379
4071 379
4072 378
4073 378
4074 378
4075 378
4076 378
4077 378
4078 378
4079 378
4080 378
4081 378
4082 377
4083 377
4084 377
4085 377
4086 377
4087 377
4088 377
4089 377
4090 377
4091 377
4092 377
4093 376
4094 376
4095 376
4096 376
4097 376
4098 376
4099 376
4100 376
4101 376
4102 376
4103 376
4104 375
4105 375
4106 375
4107 375
4108 375
4109 375
4110 375
4111 375
4112 375
4113 375
4114 375
4115 374
4116 374
4117 374
4118 374
4119 374
4120 374
4121 374
4122 374
4123 374
4124 374
4125 374
4126 373
4127 373
4128 373
4129 373
4130 373
4131 373
4132 373
4133 373
4134 373
4135 373
4136 373
4137 372
4138 372
4139 372
4140 372
4141 372
4142 372
4143 372
4144 372
4145 372
4146 372
4147 372
4148 371
4149 371
4150 371
4151 371
4152 371
4153 371
4154 371
4155 371
4156 371
4157 371
4158 371
4159 370
4160 370
4161 370
4162 370
4163 370
4164 370
4165 370
4166 370
4167 370
4168 370
4169 370
4170 369
4171 369
4172 369
4173 369
4174 369
4175 369
4176 369
4177 369
4178 369
4179 369
4180 369
4181 368
4182 368
4183 368
4184 368
4185 368
4186 368
4187 368
4188 368
4189 368
4190 368
4191 368
4192 367
4193 367
4194 367
4195 367
4196 367
4197 367
4198 367
4199 367
4200 367
4201 367
4202 367
4203 366
4204 366
4205 366
4206 366
4207 366
4208 366
4209 366
4210 366
4211 366
4212 366
4213 366
4214 366
4215 365
4216 365
4217 365
4218 365
4219 365
4220 365
4221 365
4222 365
4223 365
4224 365
4225 365
4226 364
4227 364
4228 364
4229 364
4230 364
4231 364
4232 364
4233 364
4234 364
4235 364
4236 364
4237 363
4238 363
4239 363
4240 363
4241 363
4242 363
4243 363
4244 363
4245 363
4246 363
4247 363
4248 362
4249 362
4250 362
4251 362
4252 362
4253 362
4254 362
4255 362
4256 362
4257 362
4258 362
4259 362
4260 361
4261 361
4262 361
4263 361
4264 361
4265 361
4266 361
4267 361
4268 361
4269 361
4270 361
4271 360
4272 360
4273 360
4274 360
4275 360
4276 360
4277 360
4278 360
4279 360
4280 360
4281 360
4282 359
4283 359
4284 359
4285 359
4286 359
4287 359
4288 359
4289 359
4290 359
4291 359
4292 359
4293 359
4294 358
4295 358
4296 358
4297 358
4298 358
4299 358
4300 358
4301 358
4302 358
4303 358
4304 358
4305 357
4306 357
4307 357
4308 357
4309 357
4310 357
4311 357
4312 357
4313 357
4314 357
4315 357
4316 357
4317 356
4318 356
4319 356
4320 356
4321 356
4322 356
4323 356
4324 356
4325 356
4326 356
4327 356
4328 355
4329 355
4330 355
4331 355
4332 355
4333 355
4334 355
4335 355
4336 355
4337 355
4338 355
4339 355
4340 354
4341 354
4342 354
4343 354
4344 354
4345 354
4346 354
4347 354
4348 354
4349 354
4350 354
4351 353
4352 353
4353 353
4354 353
4355 353
4356 353
4357 353
4358 353
4359 353
4360 353
4361 353
4362 353
4363 352
4364 352
4365 352
4366 352
4367 352
4368 352
4369 352
4370 352
4371 352
4372 352
4373 352
4374 351
4375 351
4376 351
4377 351
4378 351
4379 351
4380 351
4381 351
4382 351
4383 351
4384 351
4385 351
4386 350
4387 350
4388 350
4389 350
4390 350
4391 350
4392 350
4393 350
4394 350
4395 350
4396 350
4397 350
4398 349
4399 349
4400 349
4401 349
4402 349
4403 349
4404 349
4405 349
4406 349
4407 349
4408 349
4409 348
4410 348
4411 348
4412 348
4413 348
4414 348
4415 348
4416 348
4417 348
4418 348
4419 348
4420 348
4421 347
4422 347
4423 347
4424 347
4425 347
4426 347
4427 347
4428 347
4429 347
4430 347
4431 347
4432 347
4433 346
4434 346
4435 346
4436 346
4437 346
4438 346
4439 346
4440 346
4441 346
4442 346
4443 346
4444 346
4445 345
4446 345
4447 345
4448 345
4449 345
4450 345
4451 345
4452 345
4453 345
4454 345
4455 345
4456 345
4457 344
4458 344
4459 344
4460 344
4461 344
4462 344
4463 344
4464 344
4465 344
4466 344
4467 344
4468 344
4469 343
4470 343
4471 343
4472 343
4473 343
4474 343
4475 343
4476 343
4477 343
4478 343
4479 343
4480 342
4481 342
4482 342
4483 342
4484 342
4485 342
4486 342
4487 342
4488 342
4489 342
4490 342
4491 342
4492 341
4493 341
4494 341
4495 341
4496 341
4497 341
4498 341
4499 341
4500 341
4501 341
4502 341
4503 341
4504 340
4505 340
4506 340
4507 340
4508 340
4509 340
4510 340
4511 340
4512 340
4513 340
4514 340
4515 340
4516 339
4517 339
4518 339
4519 339
4520 339
4521 339
4522 339
4523 339
4524 339
4525 339
4526 339
4527 339
4528 339
4529 338
4530 338
4531 338
4532 338
4533 338
4534 338
4535 338
4536 338
4537 338
4538 338
4539 338
4540 338
4541 337
4542 337
4543 337
4544 337
4545 337
4546 337
4547 337
4548 337
4549 337
4550 337
4551 337
4552 337
4553 336
4554 336
4555 336
4556 336
4557 336
4558 336
4559 336
4560 336
4561 336
4562 336
4563 336
4564 336
4565 335
4566 335
4567 335
4568 335
4569 335
4570 335
4571 335
4572 335
4573 335
4574 335
4575 335
4576 335
4577 334
4578 334
4579 334
4580 334
4581 334
4582 334
4583 334
4584 334
4585 334
4586 334
4587 334
4588 334
4589 333
4590 333
4591 333
4592 333
4593 333
4594 333
4595 333
4596 333
4597 333
4598 333
4599 333
4600 333
4601 333
4602 332
4603 332
4604 332
4605 332
4606 332
4607 332
4608 332
4609 332
4610 332
4611 332
4612 332
4613 332
4614 331
4615 331
4616 331
4617 331
4618 331
4619 331
4620 331
4621 331
4622 331
4623 331
4624 331
4625 331
4626 330
4627 330
4628 330
4629 330
4630 330
4631 330
4632 330
4633 330
4634 330
4635 330
4636 330
4637 330
4638 330
4639 329
4640 329
4641 329
4642 329
4643 329
4644 329
4645 329
4646 329
4647 329
4648 329
4649 329
4650 329
4651 328
4652 328
4653 328
4654 328
4655 328
4656 328
4657 328
4658 328
4659 328
4660 328
4661 328
4662 328
4663 328
4664 327
4665 327
4666 327
4667 327
4668 327
4669 327
4670 327
4671 327
4672 327
4673 327
4674 327
4675 327
4676 326
4677 326
4678 326
4679 326
4680 326
4681 326
4682 326
4683 326
4684 326
4685 326
4686 326
4687 326
4688 326
4689 325
4690 325
4691 325
4692 325
4693 325
4694 325
4695 325
4696 325
4697 325
4698 325
4699 325
4700 325
4701 324
4702 324
4703 324
4704 324
4705 324
4706 324
4707 324
4708 324
4709 324
4710 324
4711 324
4712 324
4713 324
4714 323
4715 323
4716 323
4717 323
4718 323
4719 323
4720 323
4721 323
4722 323
4723 323
4724 323
4725 323
4726 323
4727 322
4728 322
4729 322
4730 322
4731 322
4732 322
4733 322
4734 322
4735 322
4736 322
4737 322
4738 322
4739 321
4740 321
4741 321
4742 321
4743 321
4744 321
4745 321
4746 321
4747 321
4748 321
4749 321
4750 321
4751 321
4752 320
4753 320
4754 320
4755 320
4756 320
4757 320
4758 320
4759 320
4760 320
4761 320
4762 320
4763 320
4764 320
4765 319
4766 319
4767 319
4768 319
4769 319
4770 319
4771 319
4772 319
4773 319
4774 319
4775 319
4776 319
4777 319
4778 318
4779 318
4780 318
4781 318
4782 318
4783 318
4784 318
4785 318
4786 318
4787 318
4788 318
4789 318
4790 317
4791 317
4792 317
4793 317
4794 317
4795 317
4796 317
4797 317
4798 317
4799 317
4800 317
4801 317
4802 317
4803 316
4804 316
4805 316
4806 316
4807 316
4808 316
4809 316
4810 316
4811 316
4812 316
4813 316
4814 316
4815 316
4816 315
4817 315
4818 315
4819 315
4820 315
4821 315
4822 315
4823 315
4824 315
4825 315
4826 315
4827 315
4828 315
4829 314
4830 314
4831 314
4832 314
4833 314
4834 314
4835 314
4836 314
4837 314
4838 314
4839 314
4840 314
4841 314
4842 313
4843 313
4844 313
4845 313
4846 313
4847 313
4848 313
4849 313
4850 313
4851 313
4852 313
4853 313
4854 313
4855 312
4856 312
4857 312
4858 312
4859 312
4860 312
4861 312
4862 312
4863 312
4864 312
4865 312
4866 312
4867 312
4868 311
4869 311
4870 311
4871 311
4872 311
4873 311
4874 311
4875 311
4876 311
4877 311
4878 311
4879 311
4880 311
4881 311
4882 310
4883 310
4884 310
4885 310
4886 310
4887 310
4888 310
4889 310
4890 310
4891 310
4892 310
4893 310
4894 310
4895 309
4896 309
4897 309
4898 309
4899 309
4900 309
4901 309
4902 309
4903 309
4904 309
4905 309
4906 309
4907 309
4908 308
4909 308
4910 308
4911 308
4912 308
4913 308
4914 308
4915 308
4916 308
4917 308
4918 308
4919 308
4920 308
4921 307
4922 307
4923 307
4924 307
4925 307
4926 307
4927 307
4928 307
4929 307
4930 307
4931 307
4932 307
4933 307
4934 307
4935 306
4936 306
4937 306
4938 306
4939 306
4940 306
4941 306
4942 306
4943 306
4944 306
4945 306
4946 306
4947 306
4948 305
4949 305
4950 305
4951 305
4952 305
4953 305
4954 305
4955 305
4956 305
4957 305
4958 305
4959 305
4960 305
4961 304
4962 304
4963 304
4964 304
4965 304
4966 304
4967 304
4968 304
4969 304
4970 304
4971 304
4972 304
4973 304
4974 304
4975 303
4976 303
4977 303
4978 303
4979 303
4980 303
4981 303
4982 303
4983 303
4984 303
4985 303
4986 303
4987 303
4988 302
4989 302
4990 302
4991 302
4992 302
4993 302
4994 302
4995 302
4996 302
4997 302
4998 302
4999 302
5000 302
5001 302
5002 301
5003 301
5004 301
5005 301
5006 301
5007 301
5008 301
5009 301
5010 301
5011 301
5012 301
5013 301
5014 301
5015 300
5016 300
5017 300
5018 300
5019 300
5020 300
5021 300
5022 300
5023 300
5024 300
5025 300
5026 300
5027 300
5028 300
5029 299
5030 299
5031 299
5032 299
5033 299
5034 299
5035 299
5036 299
5037 299
5038 299
5039 299
5040 299
5041 299
5042 299
5043 298
5044 298
5045 298
5046 298
5047 298
5048 298
5049 298
5050 298
5051 298
5052 298
5053 298
5054 298
5055 298
5056 298
5057 297
5058 297
5059 297
5060 297
5061 297
5062 297
5063 297
5064 297
5065 297
5066 297
5067 297
5068 297
5069 297
5070 296
5071 296
5072 296
5073 296
5074 296
5075 296
5076 296
5077 296
5078 296
5079 296
5080 296
5081 296
5082 296
5083 296
5084 295
5085 295
5086 295
5087 295
5088 295
5089 295
5090 295
5091 295
5092 295
5093 295
5094 295
5095 295
5096 295
5097 295
5098 294
5099 294
5100 294
5101 294
5102 294
5103 294
5104 294
5105 294
5106 294
5107 294
5108 294
5109 294
5110 294
5111 294
5112 293
5113 293
5114 293
5115 293
5116 293
5117 293
5118 293
5119 293
5120 293
5121 293
5122 293
5123 293
5124 293
5125 293
5126 292
5127 292
5128 292
5129 292
5130 292
5131 292
5132 292
5133 292
5134 292
5135 292
5136 292
5137 292
5138 292
5139 292
5140 291
5141 291
5142 291
5143 291
5144 291
5145 291
5146 291
5147 291
5148 291
5149 291
5150 291
5151 291
5152 291
5153 291
5154 290
5155 290
5156 290
5157 290
5158 290
5159 290
5160 290
5161 290
5162 290
5163 290
5164 290
5165 290
5166 290
5167 290
5168 289
5169 289
5170 289
5171 289
5172 289
5173 289
5174 289
5175 289
5176 289
5177 289
5178 289
5179 289
5180 289
5181 289
5182 288
5183 288
5184 288
5185 288
5186 288
5187 288
5188 288
5189 288
5190 288
5191 288
5192 288
5193 288
5194 288
5195 288
5196 287
5197 287
5198 287
5199 287
5200 287
5201 287
5202 287
5203 287
5204 287
5205 287
5206 287
5207 287
5208 287
5209 287
5210 287
5211 286
5212 286
5213 286
5214 286
5215 286
5216 286
5217 286
5218 286
5219 286
5220 286
5221 286
5222 286
5223 286
5224 286
5225 285
5226 285
5227 285
5228 285
5229 285
5230 285
5231 285
5232 285
5233 285
5234 285
5235 285
5236 285
5237 285
5238 285
5239 284
5240 284
5241 284
5242 284
5243 284
5244 284
5245 284
5246 284
5247 284
5248 284
5249 284
5250 284
5251 284
5252 284
5253 284
5254 283
5255 283
5256 283
5257 283
5258 283
5259 283
5260 283
5261 283
5262 283
5263 283
5264 283
5265 283
5266 283
5267 283
5268 282
5269 282
5270 282
5271 282
5272 282
5273 282
5274 282
5275 282
5276 282
5277 282
5278 282
5279 282
5280 282
5281 282
5282 282
5283 281
5284 281
5285 281
5286 281
5287 281
5288 281
5289 281
5290 281
5291 281
5292 281
5293 281
5294 281
5295 281
5296 281
5297 280
5298 280
5299 280
5300 280
5301 280
5302 280
5303 280
5304 280
5305 280
5306 280
5307 280
5308 280
5309 280
5310 280
5311 280
5312 279
5313 279
5314 279
5315 279
5316 279
5317 279
5318 279
5319 279
5320 279
5321 279
5322 279
5323 279
5324 279
5325 279
5326 278
5327 278
5328 278
5329 278
5330 278
5331 278
5332 278
5333 278
5334 278
5335 278
5336 278
5337 278
5338 278
5339 278
5340 278
5341 277
5342 277
5343 277
5344 277
5345 277
5346 277
5347 277
5348 277
5349 277
5350 277
5351 277
5352 277
5353 277
5354 277
5355 277
5356 276
5357 276
5358 276
5359 276
5360 276
5361 276
5362 276
5363 276
5364 276
5365 276
5366 276
5367 276
5368 276
5369 276
5370 276
5371 275
5372 275
5373 275
5374 275
5375 275
5376 275
5377 275
5378 275
5379 275
5380 275
5381 275
5382 275
5383 275
5384 275
5385 275
5386 274
5387 274
5388 274
5389 274
5390 274
5391 274
5392 274
5393 274
5394 274
5395 274
5396 274
5397 274
5398 274
5399 274
5400 273
5401 273
5402 273
5403 273
5404 273
5405 273
5406 273
5407 273
5408 273
5409 273
5410 273
5411 273
5412 273
5413 273
5414 273
5415 272
5416 272
5417 272
5418 272
5419 272
5420 272
5421 272
5422 272
5423 272
5424 272
5425 272
5426 272
5427 272
5428 272
5429 272
5430 271
5431 271
5432 271
5433 271
5434 271
5435 271
5436 271
5437 271
5438 271
5439 271
5440 271
5441 271
5442 271
5443 271
5444 271
5445 271
5446 270
5447 270
5448 270
5449 270
5450 270
5451 270
5452 270
5453 270
5454 270
5455 270
5456 270
5457 270
5458 270
5459 270
5460 270
5461 269
5462 269
5463 269
5464 269
5465 269
5466 269
5467 269
5468 269
5469 269
5470 269
5471 269
5472 269
5473 269
5474 269
5475 269
5476 268
5477 268
5478 268
5479 268
5480 268
5481 268
5482 268
5483 268
5484 268
5485 268
5486 268
5487 268
5488 268
5489 268
5490 268
5491 267
5492 267
5493 267
5494 267
5495 267
5496 267
5497 267
5498 267
5499 267
5500 267
5501 267
5502 267
5503 267
5504 267
5505 267
5506 266
5507 266
5508 266
5509 266
5510 266
5511 266
5512 266
5513 266
5514 266
5515 266
5516 266
5517 266
5518 266
5519 266
5520 266
5521 266
5522 265
5523 265
5524 265
5525 265
5526 265
5527 265
5528 265
5529 265
5530 265
5531 265
5532 265
5533 265
5534 265
5535 265
5536 265
5537 264
5538 264
5539 264
5540 264
5541 264
5542 264
5543 264
5544 264
5545 264
5546 264
5547 264
5548 264
5549 264
5550 264
5551 264
5552 264
5553 263
5554 263
5555 263
5556 263
5557 263
5558 263
5559 263
5560 263
5561 263
5562 263
5563 263
5564 263
5565 263
5566 263
5567 263
5568 262
5569 262
5570 262
5571 262
5572 262
5573 262
5574 262
5575 262
5576 262
5577 262
5578 262
5579 262
5580 262
5581 262
5582 262
5583 262
5584 261
5585 261
5586 261
5587 261
5588 261
5589 261
5590 261
5591 261
5592 261
5593 261
5594 261
5595 261
5596 261
5597 261
5598 261
5599 261
5600 260
5601 260
5602 260
5603 260
5604 260
5605 260
5606 260
5607 260
5608 260
5609 260
5610 260
5611 260
5612 260
5613 260
5614 260
5615 259
5616 259
5617 259
5618 259
5619 259
5620 259
5621 259
5622 259
5623 259
5624 259
5625 259
5626 259
5627 259
5628 259
5629 259
5630 259
5631 258
5632 258
5633 258
5634 258
5635 258
5636 258
5637 258
5638 258
5639 258
5640 258
5641 258
5642 258
5643 258
5644 258
5645 258
5646 258
5647 257
5648 257
5649 257
5650 257
5651 257
5652 257
5653 257
5654 257
5655 257
5656 257
5657 257
5658 257
5659 257
5660 257
5661 257
5662 257
5663 256
5664 256
5665 256
5666 256
5667 256
5668 256
5669 256
5670 256
5671 256
5672 256
5673 256
5674 256
5675 256
5676 256
5677 256
5678 256
5679 255
5680 255
5681 255
5682 255
5683 255
5684 255
5685 255
5686 255
5687 255
5688 255
5689 255
5690 255
5691 255
5692 255
5693 255
5694 255
5695 254
5696 254
5697 254
5698 254
5699 254
5700 254
5701 254
5702 254
5703 254
5704 254
5705 254
5706 254
5707 254
5708 254
5709 254
5710 254
5711 253
5712 253
5713 253
5714 253
5715 253
5716 253
5717 253
5718 253
5719 253
5720 253
5721 253
5722 253
5723 253
5724 253
5725 253
5726 253
5727 252
5728 252
5729 252
5730 252
5731 252
5732 252
5733 252
5734 252
5735 252
5736 252
5737 252
5738 252
5739 252
5740 252
5741 252
5742 252
5743 251
5744 251
5745 251
5746 251
5747 251
5748 251
5749 251
5750 251
5751 251
5752 251
5753 251
5754 251
5755 251
5756 251
5757 251
5758 251
5759 251
5760 250
5761 250
5762 250
5763 250
5764 250
5765 250
5766 250
5767 250
5768 250
5769 250
5770 250
5771 250
5772 250
5773 250
5774 250
5775 250
5776 249
5777 249
5778 249
5779 249
5780 249
5781 249
5782 249
5783 249
5784 249
5785 249
5786 249
5787 249
5788 249
5789 249
5790 249
5791 249
5792 248
5793 248
5794 248
5795 248
5796 248
5797 248
5798 248
5799 248
5800 248
5801 248
5802 248
5803 248
5804 248
5805 248
5806 248
5807 248
5808 248
5809 247
5810 247
5811 247
5812 247
5813 247
5814 247
5815 247
5816 247
5817 247
5818 247
5819 247
5820 247
5821 247
5822 247
5823 247
5824 247
5825 246
5826 246
5827 246
5828 246
5829 246
5830 246
5831 246
5832 246
5833 246
5834 246
5835 246
5836 246
5837 246
5838 246
5839 246
5840 246
5841 246
5842 245
5843 245
5844 245
5845 245
5846 245
5847 245
5848 245
5849 245
5850 245
5851 245
5852 245
5853 245
5854 245
5855 245
5856 245
5857 245
5858 245
5859 244
5860 244
5861 244
5862 244
5863 244
5864 244
5865 244
5866 244
5867 244
5868 244
5869 244
5870 244
5871 244
5872 244
5873 244
5874 244
5875 243
5876 243
5877 243
5878 243
5879 243
5880 243
5881 243
5882 243
5883 243
5884 243
5885 243
5886 243
5887 243
5888 243
5889 243
5890 243
5891 243
5892 242
5893 242
5894 242
5895 242
5896 242
5897 242
5898 242
5899 242
5900 242
5901 242
5902 242
5903 242
5904 242
5905 242
5906 242
5907 242
5908 242
5909 241
5910 241
5911 241
5912 241
5913 241
5914 241
5915 241
5916 241
5917 241
5918 241
5919 241
5920 241
5921 241
5922 241
5923 241
5924 241
5925 241
5926 240
5927 240
5928 240
5929 240
5930 240
5931 240
5932 240
5933 240
5934 240
5935 240
5936 240
5937 240
5938 240
5939 240
5940 240
5941 240
5942 240
5943 239
5944 239
5945 239
5946 239
5947 239
5948 239
5949 239
5950 239
5951 239
5952 239
5953 239
5954 239
5955 239
5956 239
5957 239
5958 239
5959 239
5960 238
5961 238
5962 238
5963 238
5964 238
5965 238
5966 238
5967 238
5968 238
5969 238
5970 238
5971 238
5972 238
5973 238
5974 238
5975 238
5976 238
5977 237
5978 237
5979 237
5980 237
5981 237
5982 237
5983 237
5984 237
5985 237
5986 237
5987 237
5988 237
5989 237
5990 237
5991 237
5992 237
5993 237
5994 237
5995 236
5996 236
5997 236
5998 236
5999 236
6000 236
6001 236
6002 236
6003 236
6004 236
6005 236
6006 236
6007 236
6008 236
6009 236
6010 236
6011 236
6012 235
6013 235
6014 235
6015 235
6016 235
6017 235
6018 235
6019 235
6020 235
6021 235
6022 235
6023 235
6024 235
6025 235
6026 235
6027 235
6028 235
6029 234
6030 234
6031 234
6032 234
6033 234
6034 234
6035 234
6036 234
6037 234
6038 234
6039 234
6040 234
6041 234
6042 234
6043 234
6044 234
6045 234
6046 234
6047 233
6048 233
6049 233
6050 233
6051 233
6052 233
6053 233
6054 233
6055 233
6056 233
6057 233
6058 233
6059 233
6060 233
6061 233
6062 233
6063 233
6064 232
6065 232
6066 232
6067 232
6068 232
6069 232
6070 232
6071 232
6072 232
6073 232
6074 232
6075 232
6076 232
6077 232
6078 232
6079 232
6080 232
6081 232
6082 231
6083 231
6084 231
6085 231
6086 231
6087 231
6088 231
6089 231
6090 231
6091 231
6092 231
6093 231
6094 231
6095 231
6096 231
6097 231
6098 231
6099 231
6100 230
6101 230
6102 230
6103 230
6104 230
6105 230
6106 230
6107 230
6108 230
6109 230
6110 230
6111 230
6112 230
6113 230
6114 230
6115 230
6116 230
6117 229
6118 229
6119 229
6120 229
6121 229
6122 229
6123 229
6124 229
6125 229
6126 229
6127 229
6128 229
6129 229
6130 229
6131 229
6132 229
6133 229
6134 229
6135 228
6136 228
6137 228
6138 228
6139 228
6140 228
6141 228
6142 228
6143 228
6144 228
6145 228
6146 228
6147 228
6148 228
6149 228
6150 228
6151 228
6152 228
6153 227
6154 227
6155 227
6156 227
6157 227
6158 227
6159 227
6160 227
6161 227
6162 227
6163 227
6164 227
6165 227
6166 227
6167 227
6168 227
6169 227
6170 227
6171 226
6172 226
6173 226
6174 226
6175 226
6176 226
6177 226
6178 226
6179 226
6180 226
6181 226
6182 226
6183 226
6184 226
6185 226
6186 226
6187 226
6188 226
6189 225
6190 225
6191 225
6192 225
6193 225
6194 225
6195 225
6196 225
6197 225
6198 225
6199 225
6200 225
6201 225
6202 225
6203 225
6204 225
6205 225
6206 225
6207 224
6208 224
6209 224
6210 224
6211 224
6212 224
6213 224
6214 224
6215 224
6216 224
6217 224
6218 224
6219 224
6220 224
6221 224
6222 224
6223 224
6224 224
6225 224
6226 223
6227 223
6228 223
6229 223
6230 223
6231 223
6232 223
6233 223
6234 223
6235 223
6236 223
6237 223
6238 223
6239 223
6240 223
6241 223
6242 223
6243 223
6244 222
6245 222
6246 222
6247 222
6248 222
6249 222
6250 222
6251 222
6252 222
6253 222
6254 222
6255 222
6256 222
6257 222
6258 222
6259 222
6260 222
6261 222
6262 221
6263 221
6264 221
6265 221
6266 221
6267 221
6268 221
6269 221
6270 221
6271 221
6272 221
6273 221
6274 221
6275 221
6276 221
6277 221
6278 221
6279 221
6280 221
6281 220
6282 220
6283 220
6284 220
6285 220
6286 220
6287 220
6288 220
6289 220
6290 220
6291 220
6292 220
6293 220
6294 220
6295 220
6296 220
6297 220
6298 220
6299 220
6300 219
6301 219
6302 219
6303 219
6304 219
6305 219
6306 219
6307 219
6308 219
6309 219
6310 219
6311 219
6312 219
6313 219
6314 219
6315 219
6316 219
6317 219
6318 218
6319 218
6320 218
6321 218
6322 218
6323 218
6324 218
6325 218
6326 218
6327 218
6328 218
6329 218
6330 218
6331 218
6332 218
6333 218
6334 218
6335 218
6336 218
6337 217
6338 217
6339 217
6340 217
6341 217
6342 217
6343 217
6344 217
6345 217
6346 217
6347 217
6348 217
6349 217
6350 217
6351 217
6352 217
6353 217
6354 217
6355 217
6356 216
6357 216
6358 216
6359 216
6360 216
6361 216
6362 216
6363 216
6364 216
6365 216
6366 216
6367 216
6368 216
6369 216
6370 216
6371 216
6372 216
6373 216
6374 216
6375 215
6376 215
6377 215
6378 215
6379 215
6380 215
6381 215
6382 215
6383 215
6384 215
6385 215
6386 215
6387 215
6388 215
6389 215
6390 215
6391 215
6392 215
6393 215
6394 214
6395 214
6396 214
6397 214
6398 214
6399 214
6400 214
6401 214
6402 214
6403 214
6404 214
6405 214
6406 214
6407 214
6408 214
6409 214
6410 214
6411 214
6412 214
6413 213
6414 213
6415 213
6416 213
6417 213
6418 213
6419 213
6420 213
6421 213
6422 213
6423 213
6424 213
6425 213
6426 213
6427 213
6428 213
6429 213
6430 213
6431 213
6432 212
6433 212
6434 212
6435 212
6436 212
6437 212
6438 212
6439 212
6440 212
6441 212
6442 212
6443 212
6444 212
6445 212
6446 212
6447 212
6448 212
6449 212
6450 212
6451 211
6452 211
6453 211
6454 211
6455 211
6456 211
6457 211
6458 211
6459 211
6460 211
6461 211
6462 211
6463 211
6464 211
6465 211
6466 211
6467 211
6468 211
6469 211
6470 211
6471 210
6472 210
6473 210
6474 210
6475 210
6476 210
6477 210
6478 210
6479 210
6480 210
6481 210
6482 210
6483 210
6484 210
6485 210
6486 210
6487 210
6488 210
6489 210
6490 209
6491 209
6492 209
6493 209
6494 209
6495 209
6496 209
6497 209
6498 209
6499 209
6500 209
6501 209
6502 209
6503 209
6504 209
6505 209
6506 209
6507 209
6508 209
6509 209
6510 208
6511 208
6512 208
6513 208
6514 208
6515 208
6516 208
6517 208
6518 208
6519 208
6520 208
6521 208
6522 208
6523 208
6524 208
6525 208
6526 208
6527 208
6528 208
6529 207
6530 207
6531 207
6532 207
6533 207
6534 207
6535 207
6536 207
6537 207
6538 207
6539 207
6540 207
6541 207
6542 207
6543 207
6544 207
6545 207
6546 207
6547 207
6548 207
6549 206
6550 206
6551 206
6552 206
6553 206
6554 206
6555 206
6556 206
6557 206
6558 206
6559 206
6560 206
6561 206
6562 206
6563 206
6564 206
6565 206
6566 206
6567 206
6568 206
6569 205
6570 205
6571 205
6572 205
6573 205
6574 205
6575 205
6576 205
6577 205
6578 205
6579 205
6580 205
6581 205
6582 205
6583 205
6584 205
6585 205
6586 205
6587 205
6588 205
6589 204
6590 204
6591 204
6592 204
6593 204
6594 204
6595 204
6596 204
6597 204
6598 204
6599 204
6600 204
6601 204
6602 204
6603 204
6604 204
6605 204
6606 204
6607 204
6608 204
6609 203
6610 203
6611 203
6612 203
6613 203
6614 203
6615 203
6616 203
6617 203
6618 203
6619 203
6620 203
6621 203
6622 203
6623 203
6624 203
6625 203
6626 203
6627 203
6628 203
6629 202
6630 202
6631 202
6632 202
6633 202
6634 202
6635 202
6636 202
6637 202
6638 202
6639 202
6640 202
6641 202
6642 202
6643 202
6644 202
6645 202
6646 202
6647 202
6648 202
6649 201
6650 201
6651 201
6652 201
6653 201
6654 201
6655 201
6656 201
6657 201
6658 201
6659 201
6660 201
6661 201
6662 201
6663 201
6664 201
6665 201
6666 201
6667 201
6668 201
6669 200
6670 200
6671 200
6672 200
6673 200
6674 200
6675 200
6676 200
6677 200
6678 200
6679 200
6680 200
6681 200
6682 200
6683 200
6684 200
6685 200
6686 200
6687 200
6688 200
6689 200
6690 199
6691 199
6692 199
6693 199
6694 199
6695 199
6696 199
6697 199
6698 199
6699 199
6700 199
6701 199
6702 199
6703 199
6704 199
6705 199
6706 199
6707 199
6708 199
6709 199
6710 198
6711 198
6712 198
6713 198
6714 198
6715 198
6716 198
6717 198
6718 198
6719 198
6720 198
6721 198
6722 198
6723 198
6724 198
6725 198
6726 198
6727 198
6728 198
6729 198
6730 198
6731 197
6732 197
6733 197
6734 197
6735 197
6736 197
6737 197
6738 197
6739 197
6740 197
6741 197
6742 197
6743 197
6744 197
6745 197
6746 197
6747 197
6748 197
6749 197
6750 197
6751 197
6752 196
6753 196
6754 196
6755 196
6756 196
6757 196
6758 196
6759 196
6760 196
6761 196
6762 196
6763 196
6764 196
6765 196
6766 196
6767 196
6768 196
6769 196
6770 196
6771 196
6772 196
6773 195
6774 195
6775 195
6776 195
6777 195
6778 195
6779 195
6780 195
6781 195
6782 195
6783 195
6784 195
6785 195
6786 195
6787 195
6788 195
6789 195
6790 195
6791 195
6792 195
6793 195
6794 194
6795 194
6796 194
6797 194
6798 194
6799 194
6800 194
6801 194
6802 194
6803 194
6804 194
6805 194
6806 194
6807 194
6808 194
6809 194
6810 194
6811 194
6812 194
6813 194
6814 194
6815 193
6816 193
6817 193
6818 193
6819 193
6820 193
6821 193
6822 193
6823 193
6824 193
6825 193
6826 193
6827 193
6828 193
6829 193
6830 193
6831 193
6832 193
6833 193
6834 193
6835 193
6836 192
6837 192
6838 192
6839 192
6840 192
6841 192
6842 192
6843 192
6844 192
6845 192
6846 192
6847 192
6848 192
6849 192
6850 192
6851 192
6852 192
6853 192
6854 192
6855 192
6856 192
6857 191
6858 191
6859 191
6860 191
6861 191
6862 191
6863 191
6864 191
6865 191
6866 191
6867 191
6868 191
6869 191
6870 191
6871 191
6872 191
6873 191
6874 191
6875 191
6876 191
6877 191
6878 190
6879 190
6880 190
6881 190
6882 190
6883 190
6884 190
6885 190
6886 190
6887 190
6888 190
6889 190
6890 190
6891 190
6892 190
6893 190
6894 190
6895 190
6896 190
6897 190
6898 190
6899 190
6900 189
6901 189
6902 189
6903 189
6904 189
6905 189
6906 189
6907 189
6908 189
6909 189
6910 189
6911 189
6912 189
6913 189
6914 189
6915 189
6916 189
6917 189
6918 189
6919 189
6920 189
6921 189
6922 188
6923 188
6924 188
6925 188
6926 188
6927 188
6928 188
6929 188
6930 188
6931 188
6932 188
6933 188
6934 188
6935 188
6936 188
6937 188
6938 188
6939 188
6940 188
6941 188
6942 188
6943 187
6944 187
6945 187
6946 187
6947 187
6948 187
6949 187
6950 187
6951 187
6952 187
6953 187
6954 187
6955 187
6956 187
6957 187
6958 187
6959 187
6960 187
6961 187
6962 187
6963 187
6964 187
6965 186
6966 186
6967 186
6968 186
6969 186
6970 186
6971 186
6972 186
6973 186
6974 186
6975 186
6976 186
6977 186
6978 186
6979 186
6980 186
6981 186
6982 186
6983 186
6984 186
6985 186
6986 186
6987 185
6988 185
6989 185
6990 185
6991 185
6992 185
6993 185
6994 185
6995 185
6996 185
6997 185
6998 185
6999 185
7000 185
7001 185
7002 185
7003 185
7004 185
7005 185
7006 185
7007 185
7008 185
7009 184
7010 184
7011 184
7012 184
7013 184
7014 184
7015 184
7016 184
7017 184
7018 184
7019 184
7020 184
7021 184
7022 184
7023 184
7024 184
7025 184
7026 184
7027 184
7028 184
7029 184
7030 184
7031 183
7032 183
7033 183
7034 183
7035 183
7036 183
7037 183
7038 183
7039 183
7040 183
7041 183
7042 183
7043 183
7044 183
7045 183
7046 183
7047 183
7048 183
7049 183
7050 183
7051 183
7052 183
7053 183
7054 182
7055 182
7056 182
7057 182
7058 182
7059 182
7060 182
7061 182
7062 182
7063 182
7064 182
7065 182
7066 182
7067 182
7068 182
7069 182
7070 182
7071 182
7072 182
7073 182
7074 182
7075 182
7076 181
7077 181
7078 181
7079 181
7080 181
7081 181
7082 181
7083 181
7084 181
7085 181
7086 181
7087 181
7088 181
7089 181
7090 181
7091 181
7092 181
7093 181
7094 181
7095 181
7096 181
7097 181
7098 181
7099 180
7100 180
7101 180
7102 180
7103 180
7104 180
7105 180
7106 180
7107 180
7108 180
7109 180
7110 180
7111 180
7112 180
7113 180
7114 180
7115 180
7116 180
7117 180
7118 180
7119 180
7120 180
7121 179
7122 179
7123 179
7124 179
7125 179
7126 179
7127 179
7128 179
7129 179
7130 179
7131 179
7132 179
7133 179
7134 179
7135 179
7136 179
7137 179
7138 179
7139 179
7140 179
7141 179
7142 179
7143 179
7144 178
7145 178
7146 178
7147 178
7148 178
7149 178
7150 178
7151 178
7152 178
7153 178
7154 178
7155 178
7156 178
7157 178
7158 178
7159 178
7160 178
7161 178
7162 178
7163 178
7164 178
7165 178
7166 178
7167 177
7168 177
7169 177
7170 177
7171 177
7172 177
7173 177
7174 177
7175 177
7176 177
7177 177
7178 177
7179 177
7180 177
7181 177
7182 177
7183 177
7184 177
7185 177
7186 177
7187 177
7188 177
7189 177
7190 176
7191 176
7192 176
7193 176
7194 176
7195 176
7196 176
7197 176
7198 176
7199 176
7200 176
7201 176
7202 176
7203 176
7204 176
7205 176
7206 176
7207 176
7208 176
7209 176
7210 176
7211 176
7212 176
7213 176
7214 175
7215 175
7216 175
7217 175
7218 175
7219 175
7220 175
7221 175
7222 175
7223 175
7224 175
7225 175
7226 175
7227 175
7228 175
7229 175
7230 175
7231 175
7232 175
7233 175
7234 175
7235 175
7236 175
7237 174
7238 174
7239 174
7240 174
7241 174
7242 174
7243 174
7244 174
7245 174
7246 174
7247 174
7248 174
7249 174
7250 174
7251 174
7252 174
7253 174
7254 174
7255 174
7256 174
7257 174
7258 174
7259 174
7260 173
7261 173
7262 173
7263 173
7264 173
7265 173
7266 173
7267 173
7268 173
7269 173
7270 173
7271 173
7272 173
7273 173
7274 173
7275 173
7276 173
7277 173
7278 173
7279 173
7280 173
7281 173
7282 173
7283 173
7284 172
7285 172
7286 172
7287 172
7288 172
7289 172
7290 172
7291 172
7292 172
7293 172
7294 172
7295 172
7296 172
7297 172
7298 172
7299 172
7300 172
7301 172
7302 172
7303 172
7304 172
7305 172
7306 172
7307 172
7308 171
7309 171
7310 171
7311 171
7312 171
7313 171
7314 171
7315 171
7316 171
7317 171
7318 171
7319 171
7320 171
7321 171
7322 171
7323 171
7324 171
7325 171
7326 171
7327 171
7328 171
7329 171
7330 171
7331 171
7332 170
7333 170
7334 170
7335 170
7336 170
7337 170
7338 170
7339 170
7340 170
7341 170
7342 170
7343 170
7344 170
7345 170
7346 170
7347 170
7348 170
7349 170
7350 170
7351 170
7352 170
7353 170
7354 170
7355 170
7356 169
7357 169
7358 169
7359 169
7360 169
7361 169
7362 169
7363 169
7364 169
7365 169
7366 169
7367 169
7368 169
7369 169
7370 169
7371 169
7372 169
7373 169
7374 169
7375 169
7376 169
7377 169
7378 169
7379 169
7380 168
7381 168
7382 168
7383 168
7384 168
7385 168
7386 168
7387 168
7388 168
7389 168
7390 168
7391 168
7392 168
7393 168
7394 168
7395 168
7396 168
7397 168
7398 168
7399 168
7400 168
7401 168
7402 168
7403 168
7404 167
7405 167
7406 167
7407 167
7408 167
7409 167
7410 167
7411 167
7412 167
7413 167
7414 167
7415 167
7416 167
7417 167
7418 167
7419 167
7420 167
7421 167
7422 167
7423 167
7424 167
7425 167
7426 167
7427 167
7428 167
7429 166
7430 166
7431 166
7432 166
7433 166
7434 166
7435 166
7436 166
7437 166
7438 166
7439 166
7440 166
7441 166
7442 166
7443 166
7444 166
7445 166
7446 166
7447 166
7448 166
7449 166
7450 166
7451 166
7452 166
7453 165
7454 165
7455 165
7456 165
7457 165
7458 165
7459 165
7460 165
7461 165
7462 165
7463 165
7464 165
7465 165
7466 165
7467 165
7468 165
7469 165
7470 165
7471 165
7472 165
7473 165
7474 165
7475 165
7476 165
7477 165
7478 164
7479 164
7480 164
7481 164
7482 164
7483 164
7484 164
7485 164
7486 164
7487 164
7488 164
7489 164
7490 164
7491 164
7492 164
7493 164
7494 164
7495 164
7496 164
7497 164
7498 164
7499 164
7500 164
7501 164
7502 164
7503 163
7504 163
7505 163
7506 163
7507 163
7508 163
7509 163
7510 163
7511 163
7512 163
7513 163
7514 163
7515 163
7516 163
7517 163
7518 163
7519 163
7520 163
7521 163
7522 163
7523 163
7524 163
7525 163
7526 163
7527 163
7528 162
7529 162
7530 162
7531 162
7532 162
7533 162
7534 162
7535 162
7536 162
7537 162
7538 162
7539 162
7540 162
7541 162
7542 162
7543 162
7544 162
7545 162
7546 162
7547 162
7548 162
7549 162
7550 162
7551 162
7552 162
7553 161
7554 161
7555 161
7556 161
7557 161
7558 161
7559 161
7560 161
7561 161
7562 161
7563 161
7564 161
7565 161
7566 161
7567 161
7568 161
7569 161
7570 161
7571 161
7572 161
7573 161
7574 161
7575 161
7576 161
7577 161
7578 160
7579 160
7580 160
7581 160
7582 160
7583 160
7584 160
7585 160
7586 160
7587 160
7588 160
7589 160
7590 160
7591 160
7592 160
7593 160
7594 160
7595 160
7596 160
7597 160
7598 160
7599 160
7600 160
7601 160
7602 160
7603 160
7604 159
7605 159
7606 159
7607 159
7608 159
7609 159
7610 159
7611 159
7612 159
7613 159
7614 159
7615 159
7616 159
7617 159
7618 159
7619 159
7620 159
7621 159
7622 159
7623 159
7624 159
7625 159
7626 159
7627 159
7628 159
7629 159
7630 158
7631 158
7632 158
7633 158
7634 158
7635 158
7636 158
7637 158
7638 158
7639 158
7640 158
7641 158
7642 158
7643 158
7644 158
7645 158
7646 158
7647 158
7648 158
7649 158
7650 158
7651 158
7652 158
7653 158
7654 158
7655 157
7656 157
7657 157
7658 157
7659 157
7660 157
7661 157
7662 157
7663 157
7664 157
7665 157
7666 157
7667 157
7668 157
7669 157
7670 157
7671 157
7672 157
7673 157
7674 157
7675 157
7676 157
7677 157
7678 157
7679 157
7680 157
7681 156
7682 156
7683 156
7684 156
7685 156
7686 156
7687 156
7688 156
7689 156
7690 156
7691 156
7692 156
7693 156
7694 156
7695 156
7696 156
7697 156
7698 156
7699 156
7700 156
7701 156
7702 156
7703 156
7704 156
7705 156
7706 156
7707 156
7708 155
7709 155
7710 155
7711 155
7712 155
7713 155
7714 155
7715 155
7716 155
7717 155
7718 155
7719 155
7720 155
7721 155
7722 155
7723 155
7724 155
7725 155
7726 155
7727 155
7728 155
7729 155
7730 155
7731 155
7732 155
7733 155
7734 154
7735 154
7736 154
7737 154
7738 154
7739 154
7740 154
7741 154
7742 154
7743 154
7744 154
7745 154
7746 154
7747 154
7748 154
7749 154
7750 154
7751 154
7752 154
7753 154
7754 154
7755 154
7756 154
7757 154
7758 154
7759 154
7760 153
7761 153
7762 153
7763 153
7764 153
7765 153
7766 153
7767 153
7768 153
7769 153
7770 153
7771 153
7772 153
7773 153
7774 153
7775 153
7776 153
7777 153
7778 153
7779 153
7780 153
7781 153
7782 153
7783 153
7784 153
7785 153
7786 153
7787 152
7788 152
7789 152
7790 152
7791 152
7792 152
7793 152
7794 152
7795 152
7796 152
7797 152
7798 152
7799 152
7800 152
7801 152
7802 152
7803 152
7804 152
7805 152
7806 152
7807 152
7808 152
7809 152
7810 152
7811 152
7812 152
7813 152
7814 151
7815 151
7816 151
7817 151
7818 151
7819 151
7820 151
7821 151
7822 151
7823 151
7824 151
7825 151
7826 151
7827 151
7828 151
7829 151
7830 151
7831 151
7832 151
7833 151
7834 151
7835 151
7836 151
7837 151
7838 151
7839 151
7840 151
7841 150
7842 150
7843 150
7844 150
7845 150
7846 150
7847 150
7848 150
7849 150
7850 150
7851 150
7852 150
7853 150
7854 150
7855 150
7856 150
7857 150
7858 150
7859 150
7860 150
7861 150
7862 150
7863 150
7864 150
7865 150
7866 150
7867 150
7868 149
7869 149
7870 149
7871 149
7872 149
7873 149
7874 149
7875 149
7876 149
7877 149
7878 149
7879 149
7880 149
7881 149
7882 149
7883 149
7884 149
7885 149
7886 149
7887 149
7888 149
7889 149
7890 149
7891 149
7892 149
7893 149
7894 149
7895 149
7896 148
7897 148
7898 148
7899 148
7900 148
7901 148
7902 148
7903 148
7904 148
7905 148
7906 148
7907 148
7908 148
7909 148
7910 148
7911 148
7912 148
7913 148
7914 148
7915 148
7916 148
7917 148
7918 148
7919 148
7920 148
7921 148
7922 148
7923 147
7924 147
7925 147
7926 147
7927 147
7928 147
7929 147
7930 147
7931 147
7932 147
7933 147
7934 147
7935 147
7936 147
7937 147
7938 147
7939 147
7940 147
7941 147
7942 147
7943 147
7944 147
7945 147
7946 147
7947 147
7948 147
7949 147
7950 147
7951 146
7952 146
7953 146
7954 146
7955 146
7956 146
7957 146
7958 146
7959 146
7960 146
7961 146
7962 146
7963 146
7964 146
7965 146
7966 146
7967 146
7968 146
7969 146
7970 146
7971 146
7972 146
7973 146
7974 146
7975 146
7976 146
7977 146
7978 146
7979 145
7980 145
7981 145
7982 145
7983 145
7984 145
7985 145
7986 145
7987 145
7988 145
7989 145
7990 145
7991 145
7992 145
7993 145
7994 145
7995 145
7996 145
7997 145
7998 145
7999 145
8000 145
8001 145
8002 145
8003 145
8004 145
8005 145
8006 145
8007 144
8008 144
8009 144
8010 144
8011 144
8012 144
8013 144
8014 144
8015 144
8016 144
8017 144
8018 144
8019 144
8020 144
8021 144
8022 144
8023 144
8024 144
8025 144
8026 144
8027 144
8028 144
8029 144
8030 144
8031 144
8032 144
8033 144
8034 144
8035 143
8036 143
8037 143
8038 143
8039 143
8040 143
8041 143
8042 143
8043 143
8044 143
8045 143
8046 143
8047 143
8048 143
8049 143
8050 143
8051 143
8052 143
8053 143
8054 143
8055 143
8056 143
8057 143
8058 143
8059 143
8060 143
8061 143
8062 143
8063 143
8064 142
8065 142
8066 142
8067 142
8068 142
8069 142
8070 142
8071 142
8072 142
8073 142
8074 142
8075 142
8076 142
8077 142
8078 142
8079 142
8080 142
8081 142
8082 142
8083 142
8084 142
8085 142
8086 142
8087 142
8088 142
8089 142
8090 142
8091 142
8092 142
8093 141
8094 141
8095 141
8096 141
8097 141
8098 141
8099 141
8100 141
8101 141
8102 141
8103 141
8104 141
8105 141
8106 141
8107 141
8108 141
8109 141
8110 141
8111 141
8112 141
8113 141
8114 141
8115 141
8116 141
8117 141
8118 141
8119 141
8120 141
8121 141
8122 140
8123 140
8124 140
8125 140
8126 140
8127 140
8128 140
8129 140
8130 140
8131 140
8132 140
8133 140
8134 140
8135 140
8136 140
8137 140
8138 140
8139 140
8140 140
8141 140
8142 140
8143 140
8144 140
8145 140
8146 140
8147 140
8148 140
8149 140
8150 140
8151 139
8152 139
8153 139
8154 139
8155 139
8156 139
8157 139
8158 139
8159 139
8160 139
8161 139
8162 139
8163 139
8164 139
8165 139
8166 139
8167 139
8168 139
8169 139
8170 139
8171 139
8172 139
8173 139
8174 139
8175 139
8176 139
8177 139
8178 139
8179 139
8180 138
8181 138
8182 138
8183 138
8184 138
8185 138
8186 138
8187 138
8188 138
8189 138
8190 138
8191 138
8192 138
8193 138
8194 138
8195 138
8196 138
8197 138
8198 138
8199 138
8200 138
8201 138
8202 138
8203 138
8204 138
8205 138
8206 138
8207 138
8208 138
8209 138
8210 137
8211 137
8212 137
8213 137
8214 137
8215 137
8216 137
8217 137
8218 137
8219 137
8220 137
8221 137
8222 137
8223 137
8224 137
8225 137
8226 137
8227 137
8228 137
8229 137
8230 137
8231 137
8232 137
8233 137
8234 137
8235 137
8236 137
8237 137
8238 137
8239 137
8240 136
8241 136
8242 136
8243 136
8244 136
8245 136
8246 136
8247 136
8248 136
8249 136
8250 136
8251 136
8252 136
8253 136
8254 136
8255 136
8256 136
8257 136
8258 136
8259 136
8260 136
8261 136
8262 136
8263 136
8264 136
8265 136
8266 136
8267 136
8268 136
8269 136
8270 135
8271 135
8272 135
8273 135
8274 135
8275 135
8276 135
8277 135
8278 135
8279 135
8280 135
8281 135
8282 135
8283 135
8284 135
8285 135
8286 135
8287 135
8288 135
8289 135
8290 135
8291 135
8292 135
8293 135
8294 135
8295 135
8296 135
8297 135
8298 135
8299 135
8300 134
8301 134
8302 134
8303 134
8304 134
8305 134
8306 134
8307 134
8308 134
8309 134
8310 134
8311 134
8312 134
8313 134
8314 134
8315 134
8316 134
8317 134
8318 134
8319 134
8320 134
8321 134
8322 134
8323 134
8324 134
8325 134
8326 134
8327 134
8328 134
8329 134
8330 133
8331 133
8332 133
8333 133
8334 133
8335 133
8336 133
8337 133
8338 133
8339 133
8340 133
8341 133
8342 133
8343 133
8344 133
8345 133
8346 133
8347 133
8348 133
8349 133
8350 133
8351 133
8352 133
8353 133
8354 133
8355 133
8356 133
8357 133
8358 133
8359 133
8360 133
8361 132
8362 132
8363 132
8364 132
8365 132
8366 132
8367 132
8368 132
8369 132
8370 132
8371 132
8372 132
8373 132
8374 132
8375 132
8376 132
8377 132
8378 132
8379 132
8380 132
8381 132
8382 132
8383 132
8384 132
8385 132
8386 132
8387 132
8388 132
8389 132
8390 132
8391 132
8392 131
8393 131
8394 131
8395 131
8396 131
8397 131
8398 131
8399 131
8400 131
8401 131
8402 131
8403 131
8404 131
8405 131
8406 131
8407 131
8408 131
8409 131
8410 131
8411 131
8412 131
8413 131
8414 131
8415 131
8416 131
8417 131
8418 131
8419 131
8420 131
8421 131
8422 131
8423 130
8424 130
8425 130
8426 130
8427 130
8428 130
8429 130
8430 130
8431 130
8432 130
8433 130
8434 130
8435 130
8436 130
8437 130
8438 130
8439 130
8440 130
8441 130
8442 130
8443 130
8444 130
8445 130
8446 130
8447 130
8448 130
8449 130
8450 130
8451 130
8452 130
8453 130
8454 129
8455 129
8456 129
8457 129
8458 129
8459 129
8460 129
8461 129
8462 129
8463 129
8464 129
8465 129
8466 129
8467 129
8468 129
8469 129
8470 129
8471 129
8472 129
8473 129
8474 129
8475 129
8476 129
8477 129
8478 129
8479 129
8480 129
8481 129
8482 129
8483 129
8484 129
8485 129
8486 128
8487 128
8488 128
8489 128
8490 128
8491 128
8492 128
8493 128
8494 128
8495 128
8496 128
8497 128
8498 128
8499 128
8500 128
8501 128
8502 128
8503 128
8504 128
8505 128
8506 128
8507 128
8508 128
8509 128
8510 128
8511 128
8512 128
8513 128
8514 128
8515 128
8516 128
8517 128
8518 127
8519 127
8520 127
8521 127
8522 127
8523 127
8524 127
8525 127
8526 127
8527 127
8528 127
8529 127
8530 127
8531 127
8532 127
8533 127
8534 127
8535 127
8536 127
8537 127
8538 127
8539 127
8540 127
8541 127
8542 127
8543 127
8544 127
8545 127
8546 127
8547 127
8548 127
8549 127
8550 126
8551 126
8552 126
8553 126
8554 126
8555 126
8556 126
8557 126
8558 126
8559 126
8560 126
8561 126
8562 126
8563 126
8564 126
8565 126
8566 126
8567 126
8568 126
8569 126
8570 126
8571 126
8572 126
8573 126
8574 126
8575 126
8576 126
8577 126
8578 126
8579 126
8580 126
8581 126
8582 125
8583 125
8584 125
8585 125
8586 125
8587 125
8588 125
8589 125
8590 125
8591 125
8592 125
8593 125
8594 125
8595 125
8596 125
8597 125
8598 125
8599 125
8600 125
8601 125
8602 125
8603 125
8604 125
8605 125
8606 125
8607 125
8608 125
8609 125
8610 125
8611 125
8612 125
8613 125
8614 125
8615 124
8616 124
8617 124
8618 124
8619 124
8620 124
8621 124
8622 124
8623 124
8624 124
8625 124
8626 124
8627 124
8628 124
8629 124
8630 124
8631 124
8632 124
8633 124
8634 124
8635 124
8636 124
8637 124
8638 124
8639 124
8640 124
8641 124
8642 124
8643 124
8644 124
8645 124
8646 124
8647 124
8648 123
8649 123
8650 123
8651 123
8652 123
8653 123
8654 123
8655 123
8656 123
8657 123
8658 123
8659 123
8660 123
8661 123
8662 123
8663 123
8664 123
8665 123
8666 123
8667 123
8668 123
8669 123
8670 123
8671 123
8672 123
8673 123
8674 123
8675 123
8676 123
8677 123
8678 123
8679 123
8680 123
8681 122
8682 122
8683 122
8684 122
8685 122
8686 122
8687 122
8688 122
8689 122
8690 122
8691 122
8692 122
8693 122
8694 122
8695 122
8696 122
8697 122
8698 122
8699 122
8700 122
8701 122
8702 122
8703 122
8704 122
8705 122
8706 122
8707 122
8708 122
8709 122
8710 122
8711 122
8712 122
8713 122
8714 122
8715 121
8716 121
8717 121
8718 121
8719 121
8720 121
8721 121
8722 121
8723 121
8724 121
8725 121
8726 121
8727 121
8728 121
8729 121
8730 121
8731 121
8732 121
8733 121
8734 121
8735 121
8736 121
8737 121
8738 121
8739 121
8740 121
8741 121
8742 121
8743 121
8744 121
8745 121
8746 121
8747 121
8748 120
8749 120
8750 120
8751 120
8752 120
8753 120
8754 120
8755 120
8756 120
8757 120
8758 120
8759 120
8760 120
8761 120
8762 120
8763 120
8764 120
8765 120
8766 120
8767 120
8768 120
8769 120
8770 120
8771 120
8772 120
8773 120
8774 120
8775 120
8776 120
8777 120
8778 120
8779 120
8780 120
8781 120
8782 119
8783 119
8784 119
8785 119
8786 119
8787 119
8788 119
8789 119
8790 119
8791 119
8792 119
8793 119
8794 119
8795 119
8796 119
8797 119
8798 119
8799 119
8800 119
8801 119
8802 119
8803 119
8804 119
8805 119
8806 119
8807 119
8808 119
8809 119
8810 119
8811 119
8812 119
8813 119
8814 119
8815 119
8816 119
8817 118
8818 118
8819 118
8820 118
8821 118
8822 118
8823 118
8824 118
8825 118
8826 118
8827 118
8828 118
8829 118
8830 118
8831 118
8832 118
8833 118
8834 118
8835 118
8836 118
8837 118
8838 118
8839 118
8840 118
8841 118
8842 118
8843 118
8844 118
8845 118
8846 118
8847 118
8848 118
8849 118
8850 118
8851 117
8852 117
8853 117
8854 117
8855 117
8856 117
8857 117
8858 117
8859 117
8860 117
8861 117
8862 117
8863 117
8864 117
8865 117
8866 117
8867 117
8868 117
8869 117
8870 117
8871 117
8872 117
8873 117
8874 117
8875 117
8876 117
8877 117
8878 117
8879 117
8880 117
8881 117
8882 117
8883 117
8884 117
8885 117
8886 116
8887 116
8888 116
8889 116
8890 116
8891 116
8892 116
8893 116
8894 116
8895 116
8896 116
8897 116
8898 116
8899 116
8900 116
8901 116
8902 116
8903 116
8904 116
8905 116
8906 116
8907 116
8908 116
8909 116
8910 116
8911 116
8912 116
8913 116
8914 116
8915 116
8916 116
8917 116
8918 116
8919 116
8920 116
8921 115
8922 115
8923 115
8924 115
8925 115
8926 115
8927 115
8928 115
8929 115
8930 115
8931 115
8932 115
8933 115
8934 115
8935 115
8936 115
8937 115
8938 115
8939 115
8940 115
8941 115
8942 115
8943 115
8944 115
8945 115
8946 115
8947 115
8948 115
8949 115
8950 115
8951 115
8952 115
8953 115
8954 115
8955 115
8956 115
8957 114
8958 114
8959 114
8960 114
8961 114
8962 114
8963 114
8964 114
8965 114
8966 114
8967 114
8968 114
8969 114
8970 114
8971 114
8972 114
8973 114
8974 114
8975 114
8976 114
8977 114
8978 114
8979 114
8980 114
8981 114
8982 114
8983 114
8984 114
8985 114
8986 114
8987 114
8988 114
8989 114
8990 114
8991 114
8992 113
8993 113
8994 113
8995 113
8996 113
8997 113
8998 113
8999 113
9000 113
9001 113
9002 113
9003 113
9004 113
9005 113
9006 113
9007 113
9008 113
9009 113
9010 113
9011 113
9012 113
9013 113
9014 113
9015 113
9016 113
9017 113
9018 113
9019 113
9020 113
9021 113
9022 113
9023 113
9024 113
9025 113
9026 113
9027 113
9028 112
9029 112
9030 112
9031 112
9032 112
9033 112
9034 112
9035 112
9036 112
9037 112
9038 112
9039 112
9040 112
9041 112
9042 112
9043 112
9044 112
9045 112
9046 112
9047 112
9048 112
9049 112
9050 112
9051 112
9052 112
9053 112
9054 112
9055 112
9056 112
9057 112
9058 112
9059 112
9060 112
9061 112
9062 112
9063 112
9064 112
9065 111
9066 111
9067 111
9068 111
9069 111
9070 111
9071 111
9072 111
9073 111
9074 111
9075 111
9076 111
9077 111
9078 111
9079 111
9080 111
9081 111
9082 111
9083 111
9084 111
9085 111
9086 111
9087 111
9088 111
9089 111
9090 111
9091 111
9092 111
9093 111
9094 111
9095 111
9096 111
9097 111
9098 111
9099 111
9100 111
9101 111
9102 110
9103 110
9104 110
9105 110
9106 110
9107 110
9108 110
9109 110
9110 110
9111 110
9112 110
9113 110
9114 110
9115 110
9116 110
9117 110
9118 110
9119 110
9120 110
9121 110
9122 110
9123 110
9124 110
9125 110
9126 110
9127 110
9128 110
9129 110
9130 110
9131 110
9132 110
9133 110
9134 110
9135 110
9136 110
9137 110
9138 110
9139 109
9140 109
9141 109
9142 109
9143 109
9144 109
9145 109
9146 109
9147 109
9148 109
9149 109
9150 109
9151 109
9152 109
9153 109
9154 109
9155 109
9156 109
9157 109
9158 109
9159 109
9160 109
9161 109
9162 109
9163 109
9164 109
9165 109
9166 109
9167 109
9168 109
9169 109
9170 109
9171 109
9172 109
9173 109
9174 109
9175 109
9176 108
9177 108
9178 108
9179 108
9180 108
9181 108
9182 108
9183 108
9184 108
9185 108
9186 108
9187 108
9188 108
9189 108
9190 108
9191 108
9192 108
9193 108
9194 108
9195 108
9196 108
9197 108
9198 108
9199 108
9200 108
9201 108
9202 108
9203 108
9204 108
9205 108
9206 108
9207 108
9208 108
9209 108
9210 108
9211 108
9212 108
9213 108
9214 107
9215 107
9216 107
9217 107
9218 107
9219 107
9220 107
9221 107
9222 107
9223 107
9224 107
9225 107
9226 107
9227 107
9228 107
9229 107
9230 107
9231 107
9232 107
9233 107
9234 107
9235 107
9236 107
9237 107
9238 107
9239 107
9240 107
9241 107
9242 107
9243 107
9244 107
9245 107
9246 107
9247 107
9248 107
9249 107
9250 107
9251 107
9252 106
9253 106
9254 106
9255 106
9256 106
9257 106
9258 106
9259 106
9260 106
9261 106
9262 106
9263 106
9264 106
9265 106
9266 106
9267 106
9268 106
9269 106
9270 106
9271 106
9272 106
9273 106
9274 106
9275 106
9276 106
9277 106
9278 106
9279 106
9280 106
9281 106
9282 106
9283 106
9284 106
9285 106
9286 106
9287 106
9288 106
9289 106
9290 105
9291 105
9292 105
9293 105
9294 105
9295 105
9296 105
9297 105
9298 105
9299 105
9300 105
9301 105
9302 105
9303 105
9304 105
9305 105
9306 105
9307 105
9308 105
9309 105
9310 105
9311 105
9312 105
9313 105
9314 105
9315 105
9316 105
9317 105
9318 105
9319 105
9320 105
9321 105
9322 105
9323 105
9324 105
9325 105
9326 105
9327 105
9328 105
9329 104
9330 104
9331 104
9332 104
9333 104
9334 104
9335 104
9336 104
9337 104
9338 104
9339 104
9340 104
9341 104
9342 104
9343 104
9344 104
9345 104
9346 104
9347 104
9348 104
9349 104
9350 104
9351 104
9352 104
9353 104
9354 104
9355 104
9356 104
9357 104
9358 104
9359 104
9360 104
9361 104
9362 104
9363 104
9364 104
9365 104
9366 104
9367 104
9368 103
9369 103
9370 103
9371 103
9372 103
9373 103
9374 103
9375 103
9376 103
9377 103
9378 103
9379 103
9380 103
9381 103
9382 103
9383 103
9384 103
9385 103
9386 103
9387 103
9388 103
9389 103
9390 103
9391 103
9392 103
9393 103
9394 103
9395 103
9396 103
9397 103
9398 103
9399 103
9400 103
9401 103
9402 103
9403 103
9404 103
9405 103
9406 103
9407 103
9408 102
9409 102
9410 102
9411 102
9412 102
9413 102
9414 102
9415 102
9416 102
9417 102
9418 102
9419 102
9420 102
9421 102
9422 102
9423 102
9424 102
9425 102
9426 102
9427 102
9428 102
9429 102
9430 102
9431 102
9432 102
9433 102
9434 102
9435 102
9436 102
9437 102
9438 102
9439 102
9440 102
9441 102
9442 102
9443 102
9444 102
9445 102
9446 102
9447 102
9448 101
9449 101
9450 101
9451 101
9452 101
9453 101
9454 101
9455 101
9456 101
9457 101
9458 101
9459 101
9460 101
9461 101
9462 101
9463 101
9464 101
9465 101
9466 101
9467 101
9468 101
9469 101
9470 101
9471 101
9472 101
9473 101
9474 101
9475 101
9476 101
9477 101
9478 101
9479 101
9480 101
9481 101
9482 101
9483 101
9484 101
9485 101
9486 101
9487 101
9488 100
9489 100
9490 100
9491 100
9492 100
9493 100
9494 100
9495 100
9496 100
9497 100
9498 100
9499 100
9500 100
9501 100
9502 100
9503 100
9504 100
9505 100
9506 100
9507 100
9508 100
9509 100
9510 100
9511 100
9512 100
9513 100
9514 100
9515 100
9516 100
9517 100
9518 100
9519 100
9520 100
9521 100
9522 100
9523 100
9524 100
9525 100
9526 100
9527 100
9528 100
9529 99
9530 99
9531 99
9532 99
9533 99
9534 99
9535 99
9536 99
9537 99
9538 99
9539 99
9540 99
9541 99
9542 99
9543 99
9544 99
9545 99
9546 99
9547 99
9548 99
9549 99
9550 99
9551 99
9552 99
9553 99
9554 99
9555 99
9556 99
9557 99
9558 99
9559 99
9560 99
9561 99
9562 99
9563 99
9564 99
9565 99
9566 99
9567 99
9568 99
9569 99
9570 98
9571 98
9572 98
9573 98
9574 98
9575 98
9576 98
9577 98
9578 98
9579 98
9580 98
9581 98
9582 98
9583 98
9584 98
9585 98
9586 98
9587 98
9588 98
9589 98
9590 98
9591 98
9592 98
9593 98
9594 98
9595 98
9596 98
9597 98
9598 98
9599 98
9600 98
9601 98
9602 98
9603 98
9604 98
9605 98
9606 98
9607 98
9608 98
9609 98
9610 98
9611 98
9612 97
9613 97
9614 97
9615 97
9616 97
9617 97
9618 97
9619 97
9620 97
9621 97
9622 97
9623 97
9624 97
9625 97
9626 97
9627 97
9628 97
9629 97
9630 97
9631 97
9632 97
9633 97
9634 97
9635 97
9636 97
9637 97
9638 97
9639 97
9640 97
9641 97
9642 97
9643 97
9644 97
9645 97
9646 97
9647 97
9648 97
9649 97
9650 97
9651 97
9652 97
9653 97
9654 96
9655 96
9656 96
9657 96
9658 96
9659 96
9660 96
9661 96
9662 96
9663 96
9664 96
9665 96
9666 96
9667 96
9668 96
9669 96
9670 96
9671 96
9672 96
9673 96
9674 96
9675 96
9676 96
9677 96
9678 96
9679 96
9680 96
9681 96
9682 96
9683 96
9684 96
9685 96
9686 96
9687 96
9688 96
9689 96
9690 96
9691 96
9692 96
9693 96
9694 96
9695 96
9696 95
9697 95
9698 95
9699 95
9700 95
9701 95
9702 95
9703 95
9704 95
9705 95
9706 95
9707 95
9708 95
9709 95
9710 95
9711 95
9712 95
9713 95
9714 95
9715 95
9716 95
9717 95
9718 95
9719 95
9720 95
9721 95
9722 95
9723 95
9724 95
9725 95
9726 95
9727 95
9728 95
9729 95
9730 95
9731 95
9732 95
9733 95
9734 95
9735 95
9736 95
9737 95
9738 95
9739 94
9740 94
9741 94
9742 94
9743 94
9744 94
9745 94
9746 94
9747 94
9748 94
9749 94
9750 94
9751 94
9752 94
9753 94
9754 94
9755 94
9756 94
9757 94
9758 94
9759 94
9760 94
9761 94
9762 94
9763 94
9764 94
9765 94
9766 94
9767 94
9768 94
9769 94
9770 94
9771 94
9772 94
9773 94
9774 94
9775 94
9776 94
9777 94
9778 94
9779 94
9780 94
9781 94
9782 93
9783 93
9784 93
9785 93
9786 93
9787 93
9788 93
9789 93
9790 93
9791 93
9792 93
9793 93
9794 93
9795 93
9796 93
9797 93
9798 93
9799 93
9800 93
9801 93
9802 93
9803 93
9804 93
9805 93
9806 93
9807 93
9808 93
9809 93
9810 93
9811 93
9812 93
9813 93
9814 93
9815 93
9816 93
9817 93
9818 93
9819 93
9820 93
9821 93
9822 93
9823 93
9824 93
9825 93
9826 92
9827 92
9828 92
9829 92
9830 92
9831 92
9832 92
9833 92
9834 92
9835 92
9836 92
9837 92
9838 92
9839 92
9840 92
9841 92
9842 92
9843 92
9844 92
9845 92
9846 92
9847 92
9848 92
9849 92
9850 92
9851 92
9852 92
9853 92
9854 92
9855 92
9856 92
9857 92
9858 92
9859 92
9860 92
9861 92
9862 92
9863 92
9864 92
9865 92
9866 92
9867 92
9868 92
9869 92
9870 92
9871 91
9872 91
9873 91
9874 91
9875 91
9876 91
9877 91
9878 91
9879 91
9880 91
9881 91
9882 91
9883 91
9884 91
9885 91
9886 91
9887 91
9888 91
9889 91
9890 91
9891 91
9892 91
9893 91
9894 91
9895 91
9896 91
9897 91
9898 91
9899 91
9900 91
9901 91
9902 91
9903 91
9904 91
9905 91
9906 91
9907 91
9908 91
9909 91
9910 91
9911 91
9912 91
9913 91
9914 91
9915 90
9916 90
9917 90
9918 90
9919 90
9920 90
9921 90
9922 90
9923 90
9924 90
9925 90
9926 90
9927 90
9928 90
9929 90
9930 90
9931 90
9932 90
9933 90
9934 90
9935 90
9936 90
9937 90
9938 90
9939 90
9940 90
9941 90
9942 90
9943 90
9944 90
9945 90
9946 90
9947 90
9948 90
9949 90
9950 90
9951 90
9952 90
9953 90
9954 90
9955 90
9956 90
9957 90
9958 90
9959 90
9960 90
9961 89
9962 89
9963 89
9964 89
9965 89
9966 89
9967 89
9968 89
9969 89
9970 89
9971 89
9972 89
9973 89
9974 89
9975 89
9976 89
9977 89
9978 89
9979 89
9980 89
9981 89
9982 89
9983 89
9984 89
9985 89
9986 89
9987 89
9988 89
9989 89
9990 89
9991 89
9992 89
9993 89
9994 89
9995 89
9996 89
9997 89
9998 89
9999 89
10000 89
10001 89
10002 89
10003 89
10004 89
10005 89
10006 88
10007 88
10008 88
10009 88
10010 88
10011 88
10012 88
10013 88
10014 88
10015 88
10016 88
10017 88
10018 88
10019 88
10020 88
10021 88
10022 88
10023 88
10024 88
10025 88
10026 88
10027 88
10028 88
10029 88
10030 88
10031 88
10032 88
10033 88
10034 88
10035 88
10036 88
10037 88
10038 88
10039 88
10040 88
10041 88
10042 88
10043 88
10044 88
10045 88
10046 88
10047 88
10048 88
10049 88
10050 88
10051 88
10052 88
10053 87
10054 87
10055 87
10056 87
10057 87
10058 87
10059 87
10060 87
10061 87
10062 87
10063 87
10064 87
10065 87
10066 87
10067 87
10068 87
10069 87
10070 87
10071 87
10072 87
10073 87
10074 87
10075 87
10076 87
10077 87
10078 87
10079 87
10080 87
10081 87
10082 87
10083 87
10084 87
10085 87
10086 87
10087 87
10088 87
10089 87
10090 87
10091 87
10092 87
10093 87
10094 87
10095 87
10096 87
10097 87
10098 87
10099 86
10100 86
10101 86
10102 86
10103 86
10104 86
10105 86
10106 86
10107 86
10108 86
10109 86
10110 86
10111 86
10112 86
10113 86
10114 86
10115 86
10116 86
10117 86
10118 86
10119 86
10120 86
10121 86
10122 86
10123 86
10124 86
10125 86
10126 86
10127 86
10128 86
10129 86
10130 86
10131 86
10132 86
10133 86
10134 86
10135 86
10136 86
10137 86
10138 86
10139 86
10140 86
10141 86
10142 86
10143 86
10144 86
10145 86
10146 86
10147 85
10148 85
10149 85
10150 85
10151 85
10152 85
10153 85
10154 85
10155 85
10156 85
10157 85
10158 85
10159 85
10160 85
10161 85
10162 85
10163 85
10164 85
10165 85
10166 85
10167 85
10168 85
10169 85
10170 85
10171 85
10172 85
10173 85
10174 85
10175 85
10176 85
10177 85
10178 85
10179 85
10180 85
10181 85
10182 85
10183 85
10184 85
10185 85
10186 85
10187 85
10188 85
10189 85
10190 85
10191 85
10192 85
10193 85
10194 85
10195 84
10196 84
10197 84
10198 84
10199 84
10200 84
10201 84
10202 84
10203 84
10204 84
10205 84
10206 84
10207 84
10208 84
10209 84
10210 84
10211 84
10212 84
10213 84
10214 84
10215 84
10216 84
10217 84
10218 84
10219 84
10220 84
10221 84
10222 84
10223 84
10224 84
10225 84
10226 84
10227 84
10228 84
10229 84
10230 84
10231 84
10232 84
10233 84
10234 84
10235 84
10236 84
10237 84
10238 84
10239 84
10240 84
10241 84
10242 84
10243 83
10244 83
10245 83
10246 83
10247 83
10248 83
10249 83
10250 83
10251 83
10252 83
10253 83
10254 83
10255 83
10256 83
10257 83
10258 83
10259 83
10260 83
10261 83
10262 83
10263 83
10264 83
10265 83
10266 83
10267 83
10268 83
10269 83
10270 83
10271 83
10272 83
10273 83
10274 83
10275 83
10276 83
10277 83
10278 83
10279 83
10280 83
10281 83
10282 83
10283 83
10284 83
10285 83
10286 83
10287 83
10288 83
10289 83
10290 83
10291 83
10292 82
10293 82
10294 82
10295 82
10296 82
10297 82
10298 82
10299 82
10300 82
10301 82
10302 82
10303 82
10304 82
10305 82
10306 82
10307 82
10308 82
10309 82
10310 82
10311 82
10312 82
10313 82
10314 82
10315 82
10316 82
10317 82
10318 82
10319 82
10320 82
10321 82
10322 82
10323 82
10324 82
10325 82
10326 82
10327 82
10328 82
10329 82
10330 82
10331 82
10332 82
10333 82
10334 82
10335 82
10336 82
10337 82
10338 82
10339 82
10340 82
10341 82
10342 81
10343 81
10344 81
10345 81
10346 81
10347 81
10348 81
10349 81
10350 81
10351 81
10352 81
10353 81
10354 81
10355 81
10356 81
10357 81
10358 81
10359 81
10360 81
10361 81
10362 81
10363 81
10364 81
10365 81
10366 81
10367 81
10368 81
10369 81
10370 81
10371 81
10372 81
10373 81
10374 81
10375 81
10376 81
10377 81
10378 81
10379 81
10380 81
10381 81
10382 81
10383 81
10384 81
10385 81
10386 81
10387 81
10388 81
10389 81
10390 81
10391 81
10392 80
10393 80
10394 80
10395 80
10396 80
10397 80
10398 80
10399 80
10400 80
10401 80
10402 80
10403 80
10404 80
10405 80
10406 80
10407 80
10408 80
10409 80
10410 80
10411 80
10412 80
10413 80
10414 80
10415 80
10416 80
10417 80
10418 80
10419 80
10420 80
10421 80
10422 80
10423 80
10424 80
10425 80
10426 80
10427 80
10428 80
10429 80
10430 80
10431 80
10432 80
10433 80
10434 80
10435 80
10436 80
10437 80
10438 80
10439 80
10440 80
10441 80
10442 80
10443 79
10444 79
10445 79
10446 79
10447 79
10448 79
10449 79
10450 79
10451 79
10452 79
10453 79
10454 79
10455 79
10456 79
10457 79
10458 79
10459 79
10460 79
10461 79
10462 79
10463 79
10464 79
10465 79
10466 79
10467 79
10468 79
10469 79
10470 79
10471 79
10472 79
10473 79
10474 79
10475 79
10476 79
10477 79
10478 79
10479 79
10480 79
10481 79
10482 79
10483 79
10484 79
10485 79
10486 79
10487 79
10488 79
10489 79
10490 79
10491 79
10492 79
10493 79
10494 79
10495 78
10496 78
10497 78
10498 78
10499 78
10500 78
10501 78
10502 78
10503 78
10504 78
10505 78
10506 78
10507 78
10508 78
10509 78
10510 78
10511 78
10512 78
10513 78
10514 78
10515 78
10516 78
10517 78
10518 78
10519 78
10520 78
10521 78
10522 78
10523 78
10524 78
10525 78
10526 78
10527 78
10528 78
10529 78
10530 78
10531 78
10532 78
10533 78
10534 78
10535 78
10536 78
10537 78
10538 78
10539 78
10540 78
10541 78
10542 78
10543 78
10544 78
10545 78
10546 78
10547 77
10548 77
10549 77
10550 77
10551 77
10552 77
10553 77
10554 77
10555 77
10556 77
10557 77
10558 77
10559 77
10560 77
10561 77
10562 77
10563 77
10564 77
10565 77
10566 77
10567 77
10568 77
10569 77
10570 77
10571 77
10572 77
10573 77
10574 77
10575 77
10576 77
10577 77
10578 77
10579 77
10580 77
10581 77
10582 77
10583 77
10584 77
10585 77
10586 77
10587 77
10588 77
10589 77
10590 77
10591 77
10592 77
10593 77
10594 77
10595 77
10596 77
10597 77
10598 77
10599 77
10600 76
10601 76
10602 76
10603 76
10604 76
10605 76
10606 76
10607 76
10608 76
10609 76
10610 76
10611 76
10612 76
10613 76
10614 76
10615 76
10616 76
10617 76
10618 76
10619 76
10620 76
10621 76
10622 76
10623 76
10624 76
10625 76
10626 76
10627 76
10628 76
10629 76
10630 76
10631 76
10632 76
10633 76
10634 76
10635 76
10636 76
10637 76
10638 76
10639 76
10640 76
10641 76
10642 76
10643 76
10644 76
10645 76
10646 76
10647 76
10648 76
10649 76
10650 76
10651 76
10652 76
10653 75
10654 75
10655 75
10656 75
10657 75
10658 75
10659 75
10660 75
10661 75
10662 75
10663 75
10664 75
10665 75
10666 75
10667 75
10668 75
10669 75
10670 75
10671 75
10672 75
10673 75
10674 75
10675 75
10676 75
10677 75
10678 75
10679 75
10680 75
10681 75
10682 75
10683 75
10684 75
10685 75
10686 75
10687 75
10688 75
10689 75
10690 75
10691 75
10692 75
10693 75
10694 75
10695 75
10696 75
10697 75
10698 75
10699 75
10700 75
10701 75
10702 75
10703 75
10704 75
10705 75
10706 75
10707 74
10708 74
10709 74
10710 74
10711 74
10712 74
10713 74
10714 74
10715 74
10716 74
10717 74
10718 74
10719 74
10720 74
10721 74
10722 74
10723 74
10724 74
10725 74
10726 74
10727 74
10728 74
10729 74
10730 74
10731 74
10732 74
10733 74
10734 74
10735 74
10736 74
10737 74
10738 74
10739 74
10740 74
10741 74
10742 74
10743 74
10744 74
10745 74
10746 74
10747 74
10748 74
10749 74
10750 74
10751 74
10752 74
10753 74
10754 74
10755 74
10756 74
10757 74
10758 74
10759 74
10760 74
10761 74
10762 73
10763 73
10764 73
10765 73
10766 73
10767 73
10768 73
10769 73
10770 73
10771 73
10772 73
10773 73
10774 73
10775 73
10776 73
10777 73
10778 73
10779 73
10780 73
10781 73
10782 73
10783 73
10784 73
10785 73
10786 73
10787 73
10788 73
10789 73
10790 73
10791 73
10792 73
10793 73
10794 73
10795 73
10796 73
10797 73
10798 73
10799 73
10800 73
10801 73
10802 73
10803 73
10804 73
10805 73
10806 73
10807 73
10808 73
10809 73
10810 73
10811 73
10812 73
10813 73
10814 73
10815 73
10816 73
10817 73
10818 72
10819 72
10820 72
10821 72
10822 72
10823 72
10824 72
10825 72
10826 72
10827 72
10828 72
10829 72
10830 72
10831 72
10832 72
10833 72
10834 72
10835 72
10836 72
10837 72
10838 72
10839 72
10840 72
10841 72
10842 72
10843 72
10844 72
10845 72
10846 72
10847 72
10848 72
10849 72
10850 72
10851 72
10852 72
10853 72
10854 72
10855 72
10856 72
10857 72
10858 72
10859 72
10860 72
10861 72
10862 72
10863 72
10864 72
10865 72
10866 72
10867 72
10868 72
10869 72
10870 72
10871 72
10872 72
10873 72
10874 72
10875 71
10876 71
10877 71
10878 71
10879 71
10880 71
10881 71
10882 71
10883 71
10884 71
10885 71
10886 71
10887 71
10888 71
10889 71
10890 71
10891 71
10892 71
10893 71
10894 71
10895 71
10896 71
10897 71
10898 71
10899 71
10900 71
10901 71
10902 71
10903 71
10904 71
10905 71
10906 71
10907 71
10908 71
10909 71
10910 71
10911 71
10912 71
10913 71
10914 71
10915 71
10916 71
10917 71
10918 71
10919 71
10920 71
10921 71
10922 71
10923 71
10924 71
10925 71
10926 71
10927 71
10928 71
10929 71
10930 71
10931 71
10932 70
10933 70
10934 70
10935 70
10936 70
10937 70
10938 70
10939 70
10940 70
10941 70
10942 70
10943 70
10944 70
10945 70
10946 70
10947 70
10948 70
10949 70
10950 70
10951 70
10952 70
10953 70
10954 70
10955 70
10956 70
10957 70
10958 70
10959 70
10960 70
10961 70
10962 70
10963 70
10964 70
10965 70
10966 70
10967 70
10968 70
10969 70
10970 70
10971 70
10972 70
10973 70
10974 70
10975 70
10976 70
10977 70
10978 70
10979 70
10980 70
10981 70
10982 70
10983 70
10984 70
10985 70
10986 70
10987 70
10988 70
10989 70
10990 69
10991 69
10992 69
10993 69
10994 69
10995 69
10996 69
10997 69
10998 69
10999 69
11000 69
11001 69
11002 69
11003 69
11004 69
11005 69
11006 69
11007 69
11008 69
11009 69
11010 69
11011 69
11012 69
11013 69
11014 69
11015 69
11016 69
11017 69
11018 69
11019 69
11020 69
11021 69
11022 69
11023 69
11024 69
11025 69
11026 69
11027 69
11028 69
11029 69
11030 69
11031 69
11032 69
11033 69
11034 69
11035 69
11036 69
11037 69
11038 69
11039 69
11040 69
11041 69
11042 69
11043 69
11044 69
11045 69
11046 69
11047 69
11048 69
11049 68
11050 68
11051 68
11052 68
11053 68
11054 68
11055 68
11056 68
11057 68
11058 68
11059 68
11060 68
11061 68
11062 68
11063 68
11064 68
11065 68
11066 68
11067 68
11068 68
11069 68
11070 68
11071 68
11072 68
11073 68
11074 68
11075 68
11076 68
11077 68
11078 68
11079 68
11080 68
11081 68
11082 68
11083 68
11084 68
11085 68
11086 68
11087 68
11088 68
11089 68
11090 68
11091 68
11092 68
11093 68
11094 68
11095 68
11096 68
11097 68
11098 68
11099 68
11100 68
11101 68
11102 68
11103 68
11104 68
11105 68
11106 68
11107 68
11108 68
11109 67
11110 67
11111 67
11112 67
11113 67
11114 67
11115 67
11116 67
11117 67
11118 67
11119 67
11120 67
11121 67
11122 67
11123 67
11124 67
11125 67
11126 67
11127 67
11128 67
11129 67
11130 67
11131 67
11132 67
11133 67
11134 67
11135 67
11136 67
11137 67
11138 67
11139 67
11140 67
11141 67
11142 67
11143 67
11144 67
11145 67
11146 67
11147 67
11148 67
11149 67
11150 67
11151 67
11152 67
11153 67
11154 67
11155 67
11156 67
11157 67
11158 67
11159 67
11160 67
11161 67
11162 67
11163 67
11164 67
11165 67
11166 67
11167 67
11168 67
11169 66
11170 66
11171 66
11172 66
11173 66
11174 66
11175 66
11176 66
11177 66
11178 66
11179 66
11180 66
11181 66
11182 66
11183 66
11184 66
11185 66
11186 66
11187 66
11188 66
11189 66
11190 66
11191 66
11192 66
11193 66
11194 66
11195 66
11196 66
11197 66
11198 66
11199 66
11200 66
11201 66
11202 66
11203 66
11204 66
11205 66
11206 66
11207 66
11208 66
11209 66
11210 66
11211 66
11212 66
11213 66
11214 66
11215 66
11216 66
11217 66
11218 66
11219 66
11220 66
11221 66
11222 66
11223 66
11224 66
11225 66
11226 66
11227 66
11228 66
11229 66
11230 66
11231 65
11232 65
11233 65
11234 65
11235 65
11236 65
11237 65
11238 65
11239 65
11240 65
11241 65
11242 65
11243 65
11244 65
11245 65
11246 65
11247 65
11248 65
11249 65
11250 65
11251 65
11252 65
11253 65
11254 65
11255 65
11256 65
11257 65
11258 65
11259 65
11260 65
11261 65
11262 65
11263 65
11264 65
11265 65
11266 65
11267 65
11268 65
11269 65
11270 65
11271 65
11272 65
11273 65
11274 65
11275 65
11276 65
11277 65
11278 65
11279 65
11280 65
11281 65
11282 65
11283 65
11284 65
11285 65
11286 65
11287 65
11288 65
11289 65
11290 65
11291 65
11292 65
11293 65
11294 64
11295 64
11296 64
11297 64
11298 64
11299 64
11300 64
11301 64
11302 64
11303 64
11304 64
11305 64
11306 64
11307 64
11308 64
11309 64
11310 64
11311 64
11312 64
11313 64
11314 64
11315 64
11316 64
11317 64
11318 64
11319 64
11320 64
11321 64
11322 64
11323 64
11324 64
11325 64
11326 64
11327 64
11328 64
11329 64
11330 64
11331 64
11332 64
11333 64
11334 64
11335 64
11336 64
11337 64
11338 64
11339 64
11340 64
11341 64
11342 64
11343 64
11344 64
11345 64
11346 64
11347 64
11348 64
11349 64
11350 64
11351 64
11352 64
11353 64
11354 64
11355 64
11356 64
11357 63
11358 63
11359 63
11360 63
11361 63
11362 63
11363 63
11364 63
11365 63
11366 63
11367 63
11368 63
11369 63
11370 63
11371 63
11372 63
11373 63
11374 63
11375 63
11376 63
11377 63
11378 63
11379 63
11380 63
11381 63
11382 63
11383 63
11384 63
11385 63
11386 63
11387 63
11388 63
11389 63
11390 63
11391 63
11392 63
11393 63
11394 63
11395 63
11396 63
11397 63
11398 63
11399 63
11400 63
11401 63
11402 63
11403 63
11404 63
11405 63
11406 63
11407 63
11408 63
11409 63
11410 63
11411 63
11412 63
11413 63
11414 63
11415 63
11416 63
11417 63
11418 63
11419 63
11420 63
11421 63
11422 62
11423 62
11424 62
11425 62
11426 62
11427 62
11428 62
11429 62
11430 62
11431 62
11432 62
11433 62
11434 62
11435 62
11436 62
11437 62
11438 62
11439 62
11440 62
11441 62
11442 62
11443 62
11444 62
11445 62
11446 62
11447 62
11448 62
11449 62
11450 62
11451 62
11452 62
11453 62
11454 62
11455 62
11456 62
11457 62
11458 62
11459 62
11460 62
11461 62
11462 62
11463 62
11464 62
11465 62
11466 62
11467 62
11468 62
11469 62
11470 62
11471 62
11472 62
11473 62
11474 62
11475 62
11476 62
11477 62
11478 62
11479 62
11480 62
11481 62
11482 62
11483 62
11484 62
11485 62
11486 62
11487 61
11488 61
11489 61
11490 61
11491 61
11492 61
11493 61
11494 61
11495 61
11496 61
11497 61
11498 61
11499 61
11500 61
11501 61
11502 61
11503 61
11504 61
11505 61
11506 61
11507 61
11508 61
11509 61
11510 61
11511 61
11512 61
11513 61
11514 61
11515 61
11516 61
11517 61
11518 61
11519 61
11520 61
11521 61
11522 61
11523 61
11524 61
11525 61
11526 61
11527 61
11528 61
11529 61
11530 61
11531 61
11532 61
11533 61
11534 61
11535 61
11536 61
11537 61
11538 61
11539 61
11540 61
11541 61
11542 61
11543 61
11544 61
11545 61
11546 61
11547 61
11548 61
11549 61
11550 61
11551 61
11552 61
11553 61
11554 60
11555 60
11556 60
11557 60
11558 60
11559 60
11560 60
11561 60
11562 60
11563 60
11564 60
11565 60
11566 60
11567 60
11568 60
11569 60
11570 60
11571 60
11572 60
11573 60
11574 60
11575 60
11576 60
11577 60
11578 60
11579 60
11580 60
11581 60
11582 60
11583 60
11584 60
11585 60
11586 60
11587 60
11588 60
11589 60
11590 60
11591 60
11592 60
11593 60
11594 60
11595 60
11596 60
11597 60
11598 60
11599 60
11600 60
11601 60
11602 60
11603 60
11604 60
11605 60
11606 60
11607 60
11608 60
11609 60
11610 60
11611 60
11612 60
11613 60
11614 60
11615 60
11616 60
11617 60
11618 60
11619 60
11620 60
11621 59
11622 59
11623 59
11624 59
11625 59
11626 59
11627 59
11628 59
11629 59
11630 59
11631 59
11632 59
11633 59
11634 59
11635 59
11636 59
11637 59
11638 59
11639 59
11640 59
11641 59
11642 59
11643 59
11644 59
11645 59
11646 59
11647 59
11648 59
11649 59
11650 59
11651 59
11652 59
11653 59
11654 59
11655 59
11656 59
11657 59
11658 59
11659 59
11660 59
11661 59
11662 59
11663 59
11664 59
11665 59
11666 59
11667 59
11668 59
11669 59
11670 59
11671 59
11672 59
11673 59
11674 59
11675 59
11676 59
11677 59
11678 59
11679 59
11680 59
11681 59
11682 59
11683 59
11684 59
11685 59
11686 59
11687 59
11688 59
11689 59
11690 58
11691 58
11692 58
11693 58
11694 58
11695 58
11696 58
11697 58
11698 58
11699 58
11700 58
11701 58
11702 58
11703 58
11704 58
11705 58
11706 58
11707 58
11708 58
11709 58
11710 58
11711 58
11712 58
11713 58
11714 58
11715 58
11716 58
11717 58
11718 58
11719 58
11720 58
11721 58
11722 58
11723 58
11724 58
11725 58
11726 58
11727 58
11728 58
11729 58
11730 58
11731 58
11732 58
11733 58
11734 58
11735 58
11736 58
11737 58
11738 58
11739 58
11740 58
11741 58
11742 58
11743 58
11744 58
11745 58
11746 58
11747 58
11748 58
11749 58
11750 58
11751 58
11752 58
11753 58
11754 58
11755 58
11756 58
11757 58
11758 58
11759 58
11760 57
11761 57
11762 57
11763 57
11764 57
11765 57
11766 57
11767 57
11768 57
11769 57
11770 57
11771 57
11772 57
11773 57
11774 57
11775 57
11776 57
11777 57
11778 57
11779 57
11780 57
11781 57
11782 57
11783 57
11784 57
11785 57
11786 57
11787 57
11788 57
11789 57
11790 57
11791 57
11792 57
11793 57
11794 57
11795 57
11796 57
11797 57
11798 57
11799 57
11800 57
11801 57
11802 57
11803 57
11804 57
11805 57
11806 57
11807 57
11808 57
11809 57
11810 57
11811 57
11812 57
11813 57
11814 57
11815 57
11816 57
11817 57
11818 57
11819 57
11820 57
11821 57
11822 57
11823 57
11824 57
11825 57
11826 57
11827 57
11828 57
11829 57
11830 57
11831 56
11832 56
11833 56
11834 56
11835 56
11836 56
11837 56
11838 56
11839 56
11840 56
11841 56
11842 56
11843 56
11844 56
11845 56
11846 56
11847 56
11848 56
11849 56
11850 56
11851 56
11852 56
11853 56
11854 56
11855 56
11856 56
11857 56
11858 56
11859 56
11860 56
11861 56
11862 56
11863 56
11864 56
11865 56
11866 56
11867 56
11868 56
11869 56
11870 56
11871 56
11872 56
11873 56
11874 56
11875 56
11876 56
11877 56
11878 56
11879 56
11880 56
11881 56
11882 56
11883 56
11884 56
11885 56
11886 56
11887 56
11888 56
11889 56
11890 56
11891 56
11892 56
11893 56
11894 56
11895 56
11896 56
11897 56
11898 56
11899 56
11900 56
11901 56
11902 56
11903 56
11904 55
11905 55
11906 55
11907 55
11908 55
11909 55
11910 55
11911 55
11912 55
11913 55
11914 55
11915 55
11916 55
11917 55
11918 55
11919 55
11920 55
11921 55
11922 55
11923 55
11924 55
11925 55
11926 55
11927 55
11928 55
11929 55
11930 55
11931 55
11932 55
11933 55
11934 55
11935 55
11936 55
11937 55
11938 55
11939 55
11940 55
11941 55
11942 55
11943 55
11944 55
11945 55
11946 55
11947 55
11948 55
11949 55
11950 55
11951 55
11952 55
11953 55
11954 55
11955 55
11956 55
11957 55
11958 55
11959 55
11960 55
11961 55
11962 55
11963 55
11964 55
11965 55
11966 55
11967 55
11968 55
11969 55
11970 55
11971 55
11972 55
11973 55
11974 55
11975 55
11976 55
11977 55
11978 54
11979 54
11980 54
11981 54
11982 54
11983 54
11984 54
11985 54
11986 54
11987 54
11988 54
11989 54
11990 54
11991 54
11992 54
11993 54
11994 54
11995 54
11996 54
11997 54
11998 54
11999 54
12000 54
12001 54
12002 54
12003 54
12004 54
12005 54
12006 54
12007 54
12008 54
12009 54
12010 54
12011 54
12012 54
12013 54
12014 54
12015 54
12016 54
12017 54
12018 54
12019 54
12020 54
12021 54
12022 54
12023 54
12024 54
12025 54
12026 54
12027 54
12028 54
12029 54
12030 54
12031 54
12032 54
12033 54
12034 54
12035 54
12036 54
12037 54
12038 54
12039 54
12040 54
12041 54
12042 54
12043 54
12044 54
12045 54
12046 54
12047 54
12048 54
12049 54
12050 54
12051 54
12052 54
12053 53
12054 53
12055 53
12056 53
12057 53
12058 53
12059 53
12060 53
12061 53
12062 53
12063 53
12064 53
12065 53
12066 53
12067 53
12068 53
12069 53
12070 53
12071 53
12072 53
12073 53
12074 53
12075 53
12076 53
12077 53
12078 53
12079 53
12080 53
12081 53
12082 53
12083 53
12084 53
12085 53
12086 53
12087 53
12088 53
12089 53
12090 53
12091 53
12092 53
12093 53
12094 53
12095 53
12096 53
12097 53
12098 53
12099 53
12100 53
12101 53
12102 53
12103 53
12104 53
12105 53
12106 53
12107 53
12108 53
12109 53
12110 53
12111 53
12112 53
12113 53
12114 53
12115 53
12116 53
12117 53
12118 53
12119 53
12120 53
12121 53
12122 53
12123 53
12124 53
12125 53
12126 53
12127 53
12128 53
12129 52
12130 52
12131 52
12132 52
12133 52
12134 52
12135 52
12136 52
12137 52
12138 52
12139 52
12140 52
12141 52
12142 52
12143 52
12144 52
12145 52
12146 52
12147 52
12148 52
12149 52
12150 52
12151 52
12152 52
12153 52
12154 52
12155 52
12156 52
12157 52
12158 52
12159 52
12160 52
12161 52
12162 52
12163 52
12164 52
12165 52
12166 52
12167 52
12168 52
12169 52
12170 52
12171 52
12172 52
12173 52
12174 52
12175 52
12176 52
12177 52
12178 52
12179 52
12180 52
12181 52
12182 52
12183 52
12184 52
12185 52
12186 52
12187 52
12188 52
12189 52
12190 52
12191 52
12192 52
12193 52
12194 52
12195 52
12196 52
12197 52
12198 52
12199 52
12200 52
12201 52
12202 52
12203 52
12204 52
12205 52
12206 52
12207 52
12208 51
12209 51
12210 51
12211 51
12212 51
12213 51
12214 51
12215 51
12216 51
12217 51
12218 51
12219 51
12220 51
12221 51
12222 51
12223 51
12224 51
12225 51
12226 51
12227 51
12228 51
12229 51
12230 51
12231 51
12232 51
12233 51
12234 51
12235 51
12236 51
12237 51
12238 51
12239 51
12240 51
12241 51
12242 51
12243 51
12244 51
12245 51
12246 51
12247 51
12248 51
12249 51
12250 51
12251 51
12252 51
12253 51
12254 51
12255 51
12256 51
12257 51
12258 51
12259 51
12260 51
12261 51
12262 51
12263 51
12264 51
12265 51
12266 51
12267 51
12268 51
12269 51
12270 51
12271 51
12272 51
12273 51
12274 51
12275 51
12276 51
12277 51
12278 51
12279 51
12280 51
12281 51
12282 51
12283 51
12284 51
12285 51
12286 51
12287 50
12288 50
12289 50
12290 50
12291 50
12292 50
12293 50
12294 50
12295 50
12296 50
12297 50
12298 50
12299 50
12300 50
12301 50
12302 50
12303 50
12304 50
12305 50
12306 50
12307 50
12308 50
12309 50
12310 50
12311 50
12312 50
12313 50
12314 50
12315 50
12316 50
12317 50
12318 50
12319 50
12320 50
12321 50
12322 50
12323 50
12324 50
12325 50
12326 50
12327 50
12328 50
12329 50
12330 50
12331 50
12332 50
12333 50
12334 50
12335 50
12336 50
12337 50
12338 50
12339 50
12340 50
12341 50
12342 50
12343 50
12344 50
12345 50
12346 50
12347 50
12348 50
12349 50
12350 50
12351 50
12352 50
12353 50
12354 50
12355 50
12356 50
12357 50
12358 50
12359 50
12360 50
12361 50
12362 50
12363 50
12364 50
12365 50
12366 50
12367 50
12368 49
12369 49
12370 49
12371 49
12372 49
12373 49
12374 49
12375 49
12376 49
12377 49
12378 49
12379 49
12380 49
12381 49
12382 49
12383 49
12384 49
12385 49
12386 49
12387 49
12388 49
12389 49
12390 49
12391 49
12392 49
12393 49
12394 49
12395 49
12396 49
12397 49
12398 49
12399 49
12400 49
12401 49
12402 49
12403 49
12404 49
12405 49
12406 49
12407 49
12408 49
12409 49
12410 49
12411 49
12412 49
12413 49
12414 49
12415 49
12416 49
12417 49
12418 49
12419 49
12420 49
12421 49
12422 49
12423 49
12424 49
12425 49
12426 49
12427 49
12428 49
12429 49
12430 49
12431 49
12432 49
12433 49
12434 49
12435 49
12436 49
12437 49
12438 49
12439 49
12440 49
12441 49
12442 49
12443 49
12444 49
12445 49
12446 49
12447 49
12448 49
12449 49
12450 49
12451 48
12452 48
12453 48
12454 48
12455 48
12456 48
12457 48
12458 48
12459 48
12460 48
12461 48
12462 48
12463 48
12464 48
12465 48
12466 48
12467 48
12468 48
12469 48
12470 48
12471 48
12472 48
12473 48
12474 48
12475 48
12476 48
12477 48
12478 48
12479 48
12480 48
12481 48
12482 48
12483 48
12484 48
12485 48
12486 48
12487 48
12488 48
12489 48
12490 48
12491 48
12492 48
12493 48
12494 48
12495 48
12496 48
12497 48
12498 48
12499 48
12500 48
12501 48
12502 48
12503 48
12504 48
12505 48
12506 48
12507 48
12508 48
12509 48
12510 48
12511 48
12512 48
12513 48
12514 48
12515 48
12516 48
12517 48
12518 48
12519 48
12520 48
12521 48
12522 48
12523 48
12524 48
12525 48
12526 48
12527 48
12528 48
12529 48
12530 48
12531 48
12532 48
12533 48
12534 48
12535 47
12536 47
12537 47
12538 47
12539 47
12540 47
12541 47
12542 47
12543 47
12544 47
12545 47
12546 47
12547 47
12548 47
12549 47
12550 47
12551 47
12552 47
12553 47
12554 47
12555 47
12556 47
12557 47
12558 47
12559 47
12560 47
12561 47
12562 47
12563 47
12564 47
12565 47
12566 47
12567 47
12568 47
12569 47
12570 47
12571 47
12572 47
12573 47
12574 47
12575 47
12576 47
12577 47
12578 47
12579 47
12580 47
12581 47
12582 47
12583 47
12584 47
12585 47
12586 47
12587 47
12588 47
12589 47
12590 47
12591 47
12592 47
12593 47
12594 47
12595 47
12596 47
12597 47
12598 47
12599 47
12600 47
12601 47
12602 47
12603 47
12604 47
12605 47
12606 47
12607 47
12608 47
12609 47
12610 47
12611 47
12612 47
12613 47
12614 47
12615 47
12616 47
12617 47
12618 47
12619 47
12620 47
12621 47
12622 46
12623 46
12624 46
12625 46
12626 46
12627 46
12628 46
12629 46
12630 46
12631 46
12632 46
12633 46
12634 46
12635 46
12636 46
12637 46
12638 46
12639 46
12640 46
12641 46
12642 46
12643 46
12644 46
12645 46
12646 46
12647 46
12648 46
12649 46
12650 46
12651 46
12652 46
12653 46
12654 46
12655 46
12656 46
12657 46
12658 46
12659 46
12660 46
12661 46
12662 46
12663 46
12664 46
12665 46
12666 46
12667 46
12668 46
12669 46
12670 46
12671 46
12672 46
12673 46
12674 46
12675 46
12676 46
12677 46
12678 46
12679 46
12680 46
12681 46
12682 46
12683 46
12684 46
12685 46
12686 46
12687 46
12688 46
12689 46
12690 46
12691 46
12692 46
12693 46
12694 46
12695 46
12696 46
12697 46
12698 46
12699 46
12700 46
12701 46
12702 46
12703 46
12704 46
12705 46
12706 46
12707 46
12708 46
12709 46
12710 45
12711 45
12712 45
12713 45
12714 45
12715 45
12716 45
12717 45
12718 45
12719 45
12720 45
12721 45
12722 45
12723 45
12724 45
12725 45
12726 45
12727 45
12728 45
12729 45
12730 45
12731 45
12732 45
12733 45
12734 45
12735 45
12736 45
12737 45
12738 45
12739 45
12740 45
12741 45
12742 45
12743 45
12744 45
12745 45
12746 45
12747 45
12748 45
12749 45
12750 45
12751 45
12752 45
12753 45
12754 45
12755 45
12756 45
12757 45
12758 45
12759 45
12760 45
12761 45
12762 45
12763 45
12764 45
12765 45
12766 45
12767 45
12768 45
12769 45
12770 45
12771 45
12772 45
12773 45
12774 45
12775 45
12776 45
12777 45
12778 45
12779 45
12780 45
12781 45
12782 45
12783 45
12784 45
12785 45
12786 45
12787 45
12788 45
12789 45
12790 45
12791 45
12792 45
12793 45
12794 45
12795 45
12796 45
12797 45
12798 45
12799 45
12800 44
12801 44
12802 44
12803 44
12804 44
12805 44
12806 44
12807 44
12808 44
12809 44
12810 44
12811 44
12812 44
12813 44
12814 44
12815 44
12816 44
12817 44
12818 44
12819 44
12820 44
12821 44
12822 44
12823 44
12824 44
12825 44
12826 44
12827 44
12828 44
12829 44
12830 44
12831 44
12832 44
12833 44
12834 44
12835 44
12836 44
12837 44
12838 44
12839 44
12840 44
12841 44
12842 44
12843 44
12844 44
12845 44
12846 44
12847 44
12848 44
12849 44
12850 44
12851 44
12852 44
12853 44
12854 44
12855 44
12856 44
12857 44
12858 44
12859 44
12860 44
12861 44
12862 44
12863 44
12864 44
12865 44
12866 44
12867 44
12868 44
12869 44
12870 44
12871 44
12872 44
12873 44
12874 44
12875 44
12876 44
12877 44
12878 44
12879 44
12880 44
12881 44
12882 44
12883 44
12884 44
12885 44
12886 44
12887 44
12888 44
12889 44
12890 44
12891 44
12892 43
12893 43
12894 43
12895 43
12896 43
12897 43
12898 43
12899 43
12900 43
12901 43
12902 43
12903 43
12904 43
12905 43
12906 43
12907 43
12908 43
12909 43
12910 43
12911 43
12912 43
12913 43
12914 43
12915 43
12916 43
12917 43
12918 43
12919 43
12920 43
12921 43
12922 43
12923 43
12924 43
12925 43
12926 43
12927 43
12928 43
12929 43
12930 43
12931 43
12932 43
12933 43
12934 43
12935 43
12936 43
12937 43
12938 43
12939 43
12940 43
12941 43
12942 43
12943 43
12944 43
12945 43
12946 43
12947 43
12948 43
12949 43
12950 43
12951 43
12952 43
12953 43
12954 43
12955 43
12956 43
12957 43
12958 43
12959 43
12960 43
12961 43
12962 43
12963 43
12964 43
12965 43
12966 43
12967 43
12968 43
12969 43
12970 43
12971 43
12972 43
12973 43
12974 43
12975 43
12976 43
12977 43
12978 43
12979 43
12980 43
12981 43
12982 43
12983 43
12984 43
12985 43
12986 42
12987 42
12988 42
12989 42
12990 42
12991 42
12992 42
12993 42
12994 42
12995 42
12996 42
12997 42
12998 42
12999 42
13000 42
13001 42
13002 42
13003 42
13004 42
13005 42
13006 42
13007 42
13008 42
13009 42
13010 42
13011 42
13012 42
13013 42
13014 42
13015 42
13016 42
13017 42
13018 42
13019 42
13020 42
13021 42
13022 42
13023 42
13024 42
13025 42
13026 42
13027 42
13028 42
13029 42
13030 42
13031 42
13032 42
13033 42
13034 42
13035 42
13036 42
13037 42
13038 42
13039 42
13040 42
13041 42
13042 42
13043 42
13044 42
13045 42
13046 42
13047 42
13048 42
13049 42
13050 42
13051 42
13052 42
13053 42
13054 42
13055 42
13056 42
13057 42
13058 42
13059 42
13060 42
13061 42
13062 42
13063 42
13064 42
13065 42
13066 42
13067 42
13068 42
13069 42
13070 42
13071 42
13072 42
13073 42
13074 42
13075 42
13076 42
13077 42
13078 42
13079 42
13080 42
13081 42
13082 41
13083 41
13084 41
13085 41
13086 41
13087 41
13088 41
13089 41
13090 41
13091 41
13092 41
13093 41
13094 41
13095 41
13096 41
13097 41
13098 41
13099 41
13100 41
13101 41
13102 41
13103 41
13104 41
13105 41
13106 41
13107 41
13108 41
13109 41
13110 41
13111 41
13112 41
13113 41
13114 41
13115 41
13116 41
13117 41
13118 41
13119 41
13120 41
13121 41
13122 41
13123 41
13124 41
13125 41
13126 41
13127 41
13128 41
13129 41
13130 41
13131 41
13132 41
13133 41
13134 41
13135 41
13136 41
13137 41
13138 41
13139 41
13140 41
13141 41
13142 41
13143 41
13144 41
13145 41
13146 41
13147 41
13148 41
13149 41
13150 41
13151 41
13152 41
13153 41
13154 41
13155 41
13156 41
13157 41
13158 41
13159 41
13160 41
13161 41
13162 41
13163 41
13164 41
13165 41
13166 41
13167 41
13168 41
13169 41
13170 41
13171 41
13172 41
13173 41
13174 41
13175 41
13176 41
13177 41
13178 41
13179 41
13180 41
13181 40
13182 40
13183 40
13184 40
13185 40
13186 40
13187 40
13188 40
13189 40
13190 40
13191 40
13192 40
13193 40
13194 40
13195 40
13196 40
13197 40
13198 40
13199 40
13200 40
13201 40
13202 40
13203 40
13204 40
13205 40
13206 40
13207 40
13208 40
13209 40
13210 40
13211 40
13212 40
13213 40
13214 40
13215 40
13216 40
13217 40
13218 40
13219 40
13220 40
13221 40
13222 40
13223 40
13224 40
13225 40
13226 40
13227 40
13228 40
13229 40
13230 40
13231 40
13232 40
13233 40
13234 40
13235 40
13236 40
13237 40
13238 40
13239 40
13240 40
13241 40
13242 40
13243 40
13244 40
13245 40
13246 40
13247 40
13248 40
13249 40
13250 40
13251 40
13252 40
13253 40
13254 40
13255 40
13256 40
13257 40
13258 40
13259 40
13260 40
13261 40
13262 40
13263 40
13264 40
13265 40
13266 40
13267 40
13268 40
13269 40
13270 40
13271 40
13272 40
13273 40
13274 40
13275 40
13276 40
13277 40
13278 40
13279 40
13280 40
13281 40
13282 39
13283 39
13284 39
13285 39
13286 39
13287 39
13288 39
13289 39
13290 39
13291 39
13292 39
13293 39
13294 39
13295 39
13296 39
13297 39
13298 39
13299 39
13300 39
13301 39
13302 39
13303 39
13304 39
13305 39
13306 39
13307 39
13308 39
13309 39
13310 39
13311 39
13312 39
13313 39
13314 39
13315 39
13316 39
13317 39
13318 39
13319 39
13320 39
13321 39
13322 39
13323 39
13324 39
13325 39
13326 39
13327 39
13328 39
13329 39
13330 39
13331 39
13332 39
13333 39
13334 39
13335 39
13336 39
13337 39
13338 39
13339 39
13340 39
13341 39
13342 39
13343 39
13344 39
13345 39
13346 39
13347 39
13348 39
13349 39
13350 39
13351 39
13352 39
13353 39
13354 39
13355 39
13356 39
13357 39
13358 39
13359 39
13360 39
13361 39
13362 39
13363 39
13364 39
13365 39
13366 39
13367 39
13368 39
13369 39
13370 39
13371 39
13372 39
13373 39
13374 39
13375 39
13376 39
13377 39
13378 39
13379 39
13380 39
13381 39
13382 39
13383 39
13384 39
13385 39
13386 38
13387 38
13388 38
13389 38
13390 38
13391 38
13392 38
13393 38
13394 38
13395 38
13396 38
13397 38
13398 38
13399 38
13400 38
13401 38
13402 38
13403 38
13404 38
13405 38
13406 38
13407 38
13408 38
13409 38
13410 38
13411 38
13412 38
13413 38
13414 38
13415 38
13416 38
13417 38
13418 38
13419 38
13420 38
13421 38
13422 38
13423 38
13424 38
13425 38
13426 38
13427 38
13428 38
13429 38
13430 38
13431 38
13432 38
13433 38
13434 38
13435 38
13436 38
13437 38
13438 38
13439 38
13440 38
13441 38
13442 38
13443 38
13444 38
13445 38
13446 38
13447 38
13448 38
13449 38
13450 38
13451 38
13452 38
13453 38
13454 38
13455 38
13456 38
13457 38
13458 38
13459 38
13460 38
13461 38
13462 38
13463 38
13464 38
13465 38
13466 38
13467 38
13468 38
13469 38
13470 38
13471 38
13472 38
13473 38
13474 38
13475 38
13476 38
13477 38
13478 38
13479 38
13480 38
13481 38
13482 38
13483 38
13484 38
13485 38
13486 38
13487 38
13488 38
13489 38
13490 38
13491 38
13492 37
13493 37
13494 37
13495 37
13496 37
13497 37
13498 37
13499 37
13500 37
13501 37
13502 37
13503 37
13504 37
13505 37
13506 37
13507 37
13508 37
13509 37
13510 37
13511 37
13512 37
13513 37
13514 37
13515 37
13516 37
13517 37
13518 37
13519 37
13520 37
13521 37
13522 37
13523 37
13524 37
13525 37
13526 37
13527 37
13528 37
13529 37
13530 37
13531 37
13532 37
13533 37
13534 37
13535 37
13536 37
13537 37
13538 37
13539 37
13540 37
13541 37
13542 37
13543 37
13544 37
13545 37
13546 37
13547 37
13548 37
13549 37
13550 37
13551 37
13552 37
13553 37
13554 37
13555 37
13556 37
13557 37
13558 37
13559 37
13560 37
13561 37
13562 37
13563 37
13564 37
13565 37
13566 37
13567 37
13568 37
13569 37
13570 37
13571 37
13572 37
13573 37
13574 37
13575 37
13576 37
13577 37
13578 37
13579 37
13580 37
13581 37
13582 37
13583 37
13584 37
13585 37
13586 37
13587 37
13588 37
13589 37
13590 37
13591 37
13592 37
13593 37
13594 37
13595 37
13596 37
13597 37
13598 37
13599 37
13600 37
13601 36
13602 36
13603 36
13604 36
13605 36
13606 36
13607 36
13608 36
13609 36
13610 36
13611 36
13612 36
13613 36
13614 36
13615 36
13616 36
13617 36
13618 36
13619 36
13620 36
13621 36
13622 36
13623 36
13624 36
13625 36
13626 36
13627 36
13628 36
13629 36
13630 36
13631 36
13632 36
13633 36
13634 36
13635 36
13636 36
13637 36
13638 36
13639 36
13640 36
13641 36
13642 36
13643 36
13644 36
13645 36
13646 36
13647 36
13648 36
13649 36
13650 36
13651 36
13652 36
13653 36
13654 36
13655 36
13656 36
13657 36
13658 36
13659 36
13660 36
13661 36
13662 36
13663 36
13664 36
13665 36
13666 36
13667 36
13668 36
13669 36
13670 36
13671 36
13672 36
13673 36
13674 36
13675 36
13676 36
13677 36
13678 36
13679 36
13680 36
13681 36
13682 36
13683 36
13684 36
13685 36
13686 36
13687 36
13688 36
13689 36
13690 36
13691 36
13692 36
13693 36
13694 36
13695 36
13696 36
13697 36
13698 36
13699 36
13700 36
13701 36
13702 36
13703 36
13704 36
13705 36
13706 36
13707 36
13708 36
13709 36
13710 36
13711 36
13712 36
13713 36
13714 35
13715 35
13716 35
13717 35
13718 35
13719 35
13720 35
13721 35
13722 35
13723 35
13724 35
13725 35
13726 35
13727 35
13728 35
13729 35
13730 35
13731 35
13732 35
13733 35
13734 35
13735 35
13736 35
13737 35
13738 35
13739 35
13740 35
13741 35
13742 35
13743 35
13744 35
13745 35
13746 35
13747 35
13748 35
13749 35
13750 35
13751 35
13752 35
13753 35
13754 35
13755 35
13756 35
13757 35
13758 35
13759 35
13760 35
13761 35
13762 35
13763 35
13764 35
13765 35
13766 35
13767 35
13768 35
13769 35
13770 35
13771 35
13772 35
13773 35
13774 35
13775 35
13776 35
13777 35
13778 35
13779 35
13780 35
13781 35
13782 35
13783 35
13784 35
13785 35
13786 35
13787 35
13788 35
13789 35
13790 35
13791 35
13792 35
13793 35
13794 35
13795 35
13796 35
13797 35
13798 35
13799 35
13800 35
13801 35
13802 35
13803 35
13804 35
13805 35
13806 35
13807 35
13808 35
13809 35
13810 35
13811 35
13812 35
13813 35
13814 35
13815 35
13816 35
13817 35
13818 35
13819 35
13820 35
13821 35
13822 35
13823 35
13824 35
13825 35
13826 35
13827 35
13828 35
13829 34
13830 34
13831 34
13832 34
13833 34
13834 34
13835 34
13836 34
13837 34
13838 34
13839 34
13840 34
13841 34
13842 34
13843 34
13844 34
13845 34
13846 34
13847 34
13848 34
13849 34
13850 34
13851 34
13852 34
13853 34
13854 34
13855 34
13856 34
13857 34
13858 34
13859 34
13860 34
13861 34
13862 34
13863 34
13864 34
13865 34
13866 34
13867 34
13868 34
13869 34
13870 34
13871 34
13872 34
13873 34
13874 34
13875 34
13876 34
13877 34
13878 34
13879 34
13880 34
13881 34
13882 34
13883 34
13884 34
13885 34
13886 34
13887 34
13888 34
13889 34
13890 34
13891 34
13892 34
13893 34
13894 34
13895 34
13896 34
13897 34
13898 34
13899 34
13900 34
13901 34
13902 34
13903 34
13904 34
13905 34
13906 34
13907 34
13908 34
13909 34
13910 34
13911 34
13912 34
13913 34
13914 34
13915 34
13916 34
13917 34
13918 34
13919 34
13920 34
13921 34
13922 34
13923 34
13924 34
13925 34
13926 34
13927 34
13928 34
13929 34
13930 34
13931 34
13932 34
13933 34
13934 34
13935 34
13936 34
13937 34
13938 34
13939 34
13940 34
13941 34
13942 34
13943 34
13944 34
13945 34
13946 34
13947 34
13948 33
13949 33
13950 33
13951 33
13952 33
13953 33
13954 33
13955 33
13956 33
13957 33
13958 33
13959 33
13960 33
13961 33
13962 33
13963 33
13964 33
13965 33
13966 33
13967 33
13968 33
13969 33
13970 33
13971 33
13972 33
13973 33
13974 33
13975 33
13976 33
13977 33
13978 33
13979 33
13980 33
13981 33
13982 33
13983 33
13984 33
13985 33
13986 33
13987 33
13988 33
13989 33
13990 33
13991 33
13992 33
13993 33
13994 33
13995 33
13996 33
13997 33
13998 33
13999 33
14000 33
14001 33
14002 33
14003 33
14004 33
14005 33
14006 33
14007 33
14008 33
14009 33
14010 33
14011 33
14012 33
14013 33
14014 33
14015 33
14016 33
14017 33
14018 33
14019 33
14020 33
14021 33
14022 33
14023 33
14024 33
14025 33
14026 33
14027 33
14028 33
14029 33
14030 33
14031 33
14032 33
14033 33
14034 33
14035 33
14036 33
14037 33
14038 33
14039 33
14040 33
14041 33
14042 33
14043 33
14044 33
14045 33
14046 33
14047 33
14048 33
14049 33
14050 33
14051 33
14052 33
14053 33
14054 33
14055 33
14056 33
14057 33
14058 33
14059 33
14060 33
14061 33
14062 33
14063 33
14064 33
14065 33
14066 33
14067 33
14068 33
14069 33
14070 32
14071 32
14072 32
14073 32
14074 32
14075 32
14076 32
14077 32
14078 32
14079 32
14080 32
14081 32
14082 32
14083 32
14084 32
14085 32
14086 32
14087 32
14088 32
14089 32
14090 32
14091 32
14092 32
14093 32
14094 32
14095 32
14096 32
14097 32
14098 32
14099 32
14100 32
14101 32
14102 32
14103 32
14104 32
14105 32
14106 32
14107 32
14108 32
14109 32
14110 32
14111 32
14112 32
14113 32
14114 32
14115 32
14116 32
14117 32
14118 32
14119 32
14120 32
14121 32
14122 32
14123 32
14124 32
14125 32
14126 32
14127 32
14128 32
14129 32
14130 32
14131 32
14132 32
14133 32
14134 32
14135 32
14136 32
14137 32
14138 32
14139 32
14140 32
14141 32
14142 32
14143 32
14144 32
14145 32
14146 32
14147 32
14148 32
14149 32
14150 32
14151 32
14152 32
14153 32
14154 32
14155 32
14156 32
14157 32
14158 32
14159 32
14160 32
14161 32
14162 32
14163 32
14164 32
14165 32
14166 32
14167 32
14168 32
14169 32
14170 32
14171 32
14172 32
14173 32
14174 32
14175 32
14176 32
14177 32
14178 32
14179 32
14180 32
14181 32
14182 32
14183 32
14184 32
14185 32
14186 32
14187 32
14188 32
14189 32
14190 32
14191 32
14192 32
14193 32
14194 32
14195 32
14196 31
14197 31
14198 31
14199 31
14200 31
14201 31
14202 31
14203 31
14204 31
14205 31
14206 31
14207 31
14208 31
14209 31
14210 31
14211 31
14212 31
14213 31
14214 31
14215 31
14216 31
14217 31
14218 31
14219 31
14220 31
14221 31
14222 31
14223 31
14224 31
14225 31
14226 31
14227 31
14228 31
14229 31
14230 31
14231 31
14232 31
14233 31
14234 31
14235 31
14236 31
14237 31
14238 31
14239 31
14240 31
14241 31
14242 31
14243 31
14244 31
14245 31
14246 31
14247 31
14248 31
14249 31
14250 31
14251 31
14252 31
14253 31
14254 31
14255 31
14256 31
14257 31
14258 31
14259 31
14260 31
14261 31
14262 31
14263 31
14264 31
14265 31
14266 31
14267 31
14268 31
14269 31
14270 31
14271 31
14272 31
14273 31
14274 31
14275 31
14276 31
14277 31
14278 31
14279 31
14280 31
14281 31
14282 31
14283 31
14284 31
14285 31
14286 31
14287 31
14288 31
14289 31
14290 31
14291 31
14292 31
14293 31
14294 31
14295 31
14296 31
14297 31
14298 31
14299 31
14300 31
14301 31
14302 31
14303 31
14304 31
14305 31
14306 31
14307 31
14308 31
14309 31
14310 31
14311 31
14312 31
14313 31
14314 31
14315 31
14316 31
14317 31
14318 31
14319 31
14320 31
14321 31
14322 31
14323 31
14324 31
14325 31
14326 30
14327 30
14328 30
14329 30
14330 30
14331 30
14332 30
14333 30
14334 30
14335 30
14336 30
14337 30
14338 30
14339 30
14340 30
14341 30
14342 30
14343 30
14344 30
14345 30
14346 30
14347 30
14348 30
14349 30
14350 30
14351 30
14352 30
14353 30
14354 30
14355 30
14356 30
14357 30
14358 30
14359 30
14360 30
14361 30
14362 30
14363 30
14364 30
14365 30
14366 30
14367 30
14368 30
14369 30
14370 30
14371 30
14372 30
14373 30
14374 30
14375 30
14376 30
14377 30
14378 30
14379 30
14380 30
14381 30
14382 30
14383 30
14384 30
14385 30
14386 30
14387 30
14388 30
14389 30
14390 30
14391 30
14392 30
14393 30
14394 30
14395 30
14396 30
14397 30
14398 30
14399 30
14400 30
14401 30
14402 30
14403 30
14404 30
14405 30
14406 30
14407 30
14408 30
14409 30
14410 30
14411 30
14412 30
14413 30
14414 30
14415 30
14416 30
14417 30
14418 30
14419 30
14420 30
14421 30
14422 30
14423 30
14424 30
14425 30
14426 30
14427 30
14428 30
14429 30
14430 30
14431 30
14432 30
14433 30
14434 30
14435 30
14436 30
14437 30
14438 30
14439 30
14440 30
14441 30
14442 30
14443 30
14444 30
14445 30
14446 30
14447 30
14448 30
14449 30
14450 30
14451 30
14452 30
14453 30
14454 30
14455 30
14456 30
14457 30
14458 30
14459 30
14460 30
14461 29
14462 29
14463 29
14464 29
14465 29
14466 29
14467 29
14468 29
14469 29
14470 29
14471 29
14472 29
14473 29
14474 29
14475 29
14476 29
14477 29
14478 29
14479 29
14480 29
14481 29
14482 29
14483 29
14484 29
14485 29
14486 29
14487 29
14488 29
14489 29
14490 29
14491 29
14492 29
14493 29
14494 29
14495 29
14496 29
14497 29
14498 29
14499 29
14500 29
14501 29
14502 29
14503 29
14504 29
14505 29
14506 29
14507 29
14508 29
14509 29
14510 29
14511 29
14512 29
14513 29
14514 29
14515 29
14516 29
14517 29
14518 29
14519 29
14520 29
14521 29
14522 29
14523 29
14524 29
14525 29
14526 29
14527 29
14528 29
14529 29
14530 29
14531 29
14532 29
14533 29
14534 29
14535 29
14536 29
14537 29
14538 29
14539 29
14540 29
14541 29
14542 29
14543 29
14544 29
14545 29
14546 29
14547 29
14548 29
14549 29
14550 29
14551 29
14552 29
14553 29
14554 29
14555 29
14556 29
14557 29
14558 29
14559 29
14560 29
14561 29
14562 29
14563 29
14564 29
14565 29
14566 29
14567 29
14568 29
14569 29
14570 29
14571 29
14572 29
14573 29
14574 29
14575 29
14576 29
14577 29
14578 29
14579 29
14580 29
14581 29
14582 29
14583 29
14584 29
14585 29
14586 29
14587 29
14588 29
14589 29
14590 29
14591 29
14592 29
14593 29
14594 29
14595 29
14596 29
14597 29
14598 29
14599 28
14600 28
14601 28
14602 28
14603 28
14604 28
14605 28
14606 28
14607 28
14608 28
14609 28
14610 28
14611 28
14612 28
14613 28
14614 28
14615 28
14616 28
14617 28
14618 28
14619 28
14620 28
14621 28
14622 28
14623 28
14624 28
14625 28
14626 28
14627 28
14628 28
14629 28
14630 28
14631 28
14632 28
14633 28
14634 28
14635 28
14636 28
14637 28
14638 28
14639 28
14640 28
14641 28
14642 28
14643 28
14644 28
14645 28
14646 28
14647 28
14648 28
14649 28
14650 28
14651 28
14652 28
14653 28
14654 28
14655 28
14656 28
14657 28
14658 28
14659 28
14660 28
14661 28
14662 28
14663 28
14664 28
14665 28
14666 28
14667 28
14668 28
14669 28
14670 28
14671 28
14672 28
14673 28
14674 28
14675 28
14676 28
14677 28
14678 28
14679 28
14680 28
14681 28
14682 28
14683 28
14684 28
14685 28
14686 28
14687 28
14688 28
14689 28
14690 28
14691 28
14692 28
14693 28
14694 28
14695 28
14696 28
14697 28
14698 28
14699 28
14700 28
14701 28
14702 28
14703 28
14704 28
14705 28
14706 28
14707 28
14708 28
14709 28
14710 28
14711 28
14712 28
14713 28
14714 28
14715 28
14716 28
14717 28
14718 28
14719 28
14720 28
14721 28
14722 28
14723 28
14724 28
14725 28
14726 28
14727 28
14728 28
14729 28
14730 28
14731 28
14732 28
14733 28
14734 28
14735 28
14736 28
14737 28
14738 28
14739 28
14740 28
14741 28
14742 28
14743 27
14744 27
14745 27
14746 27
14747 27
14748 27
14749 27
14750 27
14751 27
14752 27
14753 27
14754 27
14755 27
14756 27
14757 27
14758 27
14759 27
14760 27
14761 27
14762 27
14763 27
14764 27
14765 27
14766 27
14767 27
14768 27
14769 27
14770 27
14771 27
14772 27
14773 27
14774 27
14775 27
14776 27
14777 27
14778 27
14779 27
14780 27
14781 27
14782 27
14783 27
14784 27
14785 27
14786 27
14787 27
14788 27
14789 27
14790 27
14791 27
14792 27
14793 27
14794 27
14795 27
14796 27
14797 27
14798 27
14799 27
14800 27
14801 27
14802 27
14803 27
14804 27
14805 27
14806 27
14807 27
14808 27
14809 27
14810 27
14811 27
14812 27
14813 27
14814 27
14815 27
14816 27
14817 27
14818 27
14819 27
14820 27
14821 27
14822 27
14823 27
14824 27
14825 27
14826 27
14827 27
14828 27
14829 27
14830 27
14831 27
14832 27
14833 27
14834 27
14835 27
14836 27
14837 27
14838 27
14839 27
14840 27
14841 27
14842 27
14843 27
14844 27
14845 27
14846 27
14847 27
14848 27
14849 27
14850 27
14851 27
14852 27
14853 27
14854 27
14855 27
14856 27
14857 27
14858 27
14859 27
14860 27
14861 27
14862 27
14863 27
14864 27
14865 27
14866 27
14867 27
14868 27
14869 27
14870 27
14871 27
14872 27
14873 27
14874 27
14875 27
14876 27
14877 27
14878 27
14879 27
14880 27
14881 27
14882 27
14883 27
14884 27
14885 27
14886 27
14887 27
14888 27
14889 27
14890 27
14891 27
14892 26
14893 26
14894 26
14895 26
14896 26
14897 26
14898 26
14899 26
14900 26
14901 26
14902 26
14903 26
14904 26
14905 26
14906 26
14907 26
14908 26
14909 26
14910 26
14911 26
14912 26
14913 26
14914 26
14915 26
14916 26
14917 26
14918 26
14919 26
14920 26
14921 26
14922 26
14923 26
14924 26
14925 26
14926 26
14927 26
14928 26
14929 26
14930 26
14931 26
14932 26
14933 26
14934 26
14935 26
14936 26
14937 26
14938 26
14939 26
14940 26
14941 26
14942 26
14943 26
14944 26
14945 26
14946 26
14947 26
14948 26
14949 26
14950 26
14951 26
14952 26
14953 26
14954 26
14955 26
14956 26
14957 26
14958 26
14959 26
14960 26
14961 26
14962 26
14963 26
14964 26
14965 26
14966 26
14967 26
14968 26
14969 26
14970 26
14971 26
14972 26
14973 26
14974 26
14975 26
14976 26
14977 26
14978 26
14979 26
14980 26
14981 26
14982 26
14983 26
14984 26
14985 26
14986 26
14987 26
14988 26
14989 26
14990 26
14991 26
14992 26
14993 26
14994 26
14995 26
14996 26
14997 26
14998 26
14999 26
15000 26
15001 26
15002 26
15003 26
15004 26
15005 26
15006 26
15007 26
15008 26
15009 26
15010 26
15011 26
15012 26
15013 26
15014 26
15015 26
15016 26
15017 26
15018 26
15019 26
15020 26
15021 26
15022 26
15023 26
15024 26
15025 26
15026 26
15027 26
15028 26
15029 26
15030 26
15031 26
15032 26
15033 26
15034 26
15035 26
15036 26
15037 26
15038 26
15039 26
15040 26
15041 26
15042 26
15043 26
15044 26
15045 26
15046 26
15047 25
15048 25
15049 25
15050 25
15051 25
15052 25
15053 25
15054 25
15055 25
15056 25
15057 25
15058 25
15059 25
15060 25
15061 25
15062 25
15063 25
15064 25
15065 25
15066 25
15067 25
15068 25
15069 25
15070 25
15071 25
15072 25
15073 25
15074 25
15075 25
15076 25
15077 25
15078 25
15079 25
15080 25
15081 25
15082 25
15083 25
15084 25
15085 25
15086 25
15087 25
15088 25
15089 25
15090 25
15091 25
15092 25
15093 25
15094 25
15095 25
15096 25
15097 25
15098 25
15099 25
15100 25
15101 25
15102 25
15103 25
15104 25
15105 25
15106 25
15107 25
15108 25
15109 25
15110 25
15111 25
15112 25
15113 25
15114 25
15115 25
15116 25
15117 25
15118 25
15119 25
15120 25
15121 25
15122 25
15123 25
15124 25
15125 25
15126 25
15127 25
15128 25
15129 25
15130 25
15131 25
15132 25
15133 25
15134 25
15135 25
15136 25
15137 25
15138 25
15139 25
15140 25
15141 25
15142 25
15143 25
15144 25
15145 25
15146 25
15147 25
15148 25
15149 25
15150 25
15151 25
15152 25
15153 25
15154 25
15155 25
15156 25
15157 25
15158 25
15159 25
15160 25
15161 25
15162 25
15163 25
15164 25
15165 25
15166 25
15167 25
15168 25
15169 25
15170 25
15171 25
15172 25
15173 25
15174 25
15175 25
15176 25
15177 25
15178 25
15179 25
15180 25
15181 25
15182 25
15183 25
15184 25
15185 25
15186 25
15187 25
15188 25
15189 25
15190 25
15191 25
15192 25
15193 25
15194 25
15195 25
15196 25
15197 25
15198 25
15199 25
15200 25
15201 25
15202 25
15203 25
15204 25
15205 25
15206 25
15207 24
15208 24
15209 24
15210 24
15211 24
15212 24
15213 24
15214 24
15215 24
15216 24
15217 24
15218 24
15219 24
15220 24
15221 24
15222 24
15223 24
15224 24
15225 24
15226 24
15227 24
15228 24
15229 24
15230 24
15231 24
15232 24
15233 24
15234 24
15235 24
15236 24
15237 24
15238 24
15239 24
15240 24
15241 24
15242 24
15243 24
15244 24
15245 24
15246 24
15247 24
15248 24
15249 24
15250 24
15251 24
15252 24
15253 24
15254 24
15255 24
15256 24
15257 24
15258 24
15259 24
15260 24
15261 24
15262 24
15263 24
15264 24
15265 24
15266 24
15267 24
15268 24
15269 24
15270 24
15271 24
15272 24
15273 24
15274 24
15275 24
15276 24
15277 24
15278 24
15279 24
15280 24
15281 24
15282 24
15283 24
15284 24
15285 24
15286 24
15287 24
15288 24
15289 24
15290 24
15291 24
15292 24
15293 24
15294 24
15295 24
15296 24
15297 24
15298 24
15299 24
15300 24
15301 24
15302 24
15303 24
15304 24
15305 24
15306 24
15307 24
15308 24
15309 24
15310 24
15311 24
15312 24
15313 24
15314 24
15315 24
15316 24
15317 24
15318 24
15319 24
15320 24
15321 24
15322 24
15323 24
15324 24
15325 24
15326 24
15327 24
15328 24
15329 24
15330 24
15331 24
15332 24
15333 24
15334 24
15335 24
15336 24
15337 24
15338 24
15339 24
15340 24
15341 24
15342 24
15343 24
15344 24
15345 24
15346 24
15347 24
15348 24
15349 24
15350 24
15351 24
15352 24
15353 24
15354 24
15355 24
15356 24
15357 24
15358 24
15359 24
15360 24
15361 24
15362 24
15363 24
15364 24
15365 24
15366 24
15367 24
15368 24
15369 24
15370 24
15371 24
15372 24
15373 24
15374 24
15375 23
15376 23
15377 23
15378 23
15379 23
15380 23
15381 23
15382 23
15383 23
15384 23
15385 23
15386 23
15387 23
15388 23
15389 23
15390 23
15391 23
15392 23
15393 23
15394 23
15395 23
15396 23
15397 23
15398 23
15399 23
15400 23
15401 23
15402 23
15403 23
15404 23
15405 23
15406 23
15407 23
15408 23
15409 23
15410 23
15411 23
15412 23
15413 23
15414 23
15415 23
15416 23
15417 23
15418 23
15419 23
15420 23
15421 23
15422 23
15423 23
15424 23
15425 23
15426 23
15427 23
15428 23
15429 23
15430 23
15431 23
15432 23
15433 23
15434 23
15435 23
15436 23
15437 23
15438 23
15439 23
15440 23
15441 23
15442 23
15443 23
15444 23
15445 23
15446 23
15447 23
15448 23
15449 23
15450 23
15451 23
15452 23
15453 23
15454 23
15455 23
15456 23
15457 23
15458 23
15459 23
15460 23
15461 23
15462 23
15463 23
15464 23
15465 23
15466 23
15467 23
15468 23
15469 23
15470 23
15471 23
15472 23
15473 23
15474 23
15475 23
15476 23
15477 23
15478 23
15479 23
15480 23
15481 23
15482 23
15483 23
15484 23
15485 23
15486 23
15487 23
15488 23
15489 23
15490 23
15491 23
15492 23
15493 23
15494 23
15495 23
15496 23
15497 23
15498 23
15499 23
15500 23
15501 23
15502 23
15503 23
15504 23
15505 23
15506 23
15507 23
15508 23
15509 23
15510 23
15511 23
15512 23
15513 23
15514 23
15515 23
15516 23
15517 23
15518 23
15519 23
15520 23
15521 23
15522 23
15523 23
15524 23
15525 23
15526 23
15527 23
15528 23
15529 23
15530 23
15531 23
15532 23
15533 23
15534 23
15535 23
15536 23
15537 23
15538 23
15539 23
15540 23
15541 23
15542 23
15543 23
15544 23
15545 23
15546 23
15547 23
15548 23
15549 22
15550 22
15551 22
15552 22
15553 22
15554 22
15555 22
15556 22
15557 22
15558 22
15559 22
15560 22
15561 22
15562 22
15563 22
15564 22
15565 22
15566 22
15567 22
15568 22
15569 22
15570 22
15571 22
15572 22
15573 22
15574 22
15575 22
15576 22
15577 22
15578 22
15579 22
15580 22
15581 22
15582 22
15583 22
15584 22
15585 22
15586 22
15587 22
15588 22
15589 22
15590 22
15591 22
15592 22
15593 22
15594 22
15595 22
15596 22
15597 22
15598 22
15599 22
15600 22
15601 22
15602 22
15603 22
15604 22
15605 22
15606 22
15607 22
15608 22
15609 22
15610 22
15611 22
15612 22
15613 22
15614 22
15615 22
15616 22
15617 22
15618 22
15619 22
15620 22
15621 22
15622 22
15623 22
15624 22
15625 22
15626 22
15627 22
15628 22
15629 22
15630 22
15631 22
15632 22
15633 22
15634 22
15635 22
15636 22
15637 22
15638 22
15639 22
15640 22
15641 22
15642 22
15643 22
15644 22
15645 22
15646 22
15647 22
15648 22
15649 22
15650 22
15651 22
15652 22
15653 22
15654 22
15655 22
15656 22
15657 22
15658 22
15659 22
15660 22
15661 22
15662 22
15663 22
15664 22
15665 22
15666 22
15667 22
15668 22
15669 22
15670 22
15671 22
15672 22
15673 22
15674 22
15675 22
15676 22
15677 22
15678 22
15679 22
15680 22
15681 22
15682 22
15683 22
15684 22
15685 22
15686 22
15687 22
15688 22
15689 22
15690 22
15691 22
15692 22
15693 22
15694 22
15695 22
15696 22
15697 22
15698 22
15699 22
15700 22
15701 22
15702 22
15703 22
15704 22
15705 22
15706 22
15707 22
15708 22
15709 22
15710 22
15711 22
15712 22
15713 22
15714 22
15715 22
15716 22
15717 22
15718 22
15719 22
15720 22
15721 22
15722 22
15723 22
15724 22
15725 22
15726 22
15727 22
15728 22
15729 22
15730 22
15731 21
15732 21
15733 21
15734 21
15735 21
15736 21
15737 21
15738 21
15739 21
15740 21
15741 21
15742 21
15743 21
15744 21
15745 21
15746 21
15747 21
15748 21
15749 21
15750 21
15751 21
15752 21
15753 21
15754 21
15755 21
15756 21
15757 21
15758 21
15759 21
15760 21
15761 21
15762 21
15763 21
15764 21
15765 21
15766 21
15767 21
15768 21
15769 21
15770 21
15771 21
15772 21
15773 21
15774 21
15775 21
15776 21
15777 21
15778 21
15779 21
15780 21
15781 21
15782 21
15783 21
15784 21
15785 21
15786 21
15787 21
15788 21
15789 21
15790 21
15791 21
15792 21
15793 21
15794 21
15795 21
15796 21
15797 21
15798 21
15799 21
15800 21
15801 21
15802 21
15803 21
15804 21
15805 21
15806 21
15807 21
15808 21
15809 21
15810 21
15811 21
15812 21
15813 21
15814 21
15815 21
15816 21
15817 21
15818 21
15819 21
15820 21
15821 21
15822 21
15823 21
15824 21
15825 21
15826 21
15827 21
15828 21
15829 21
15830 21
15831 21
15832 21
15833 21
15834 21
15835 21
15836 21
15837 21
15838 21
15839 21
15840 21
15841 21
15842 21
15843 21
15844 21
15845 21
15846 21
15847 21
15848 21
15849 21
15850 21
15851 21
15852 21
15853 21
15854 21
15855 21
15856 21
15857 21
15858 21
15859 21
15860 21
15861 21
15862 21
15863 21
15864 21
15865 21
15866 21
15867 21
15868 21
15869 21
15870 21
15871 21
15872 21
15873 21
15874 21
15875 21
15876 21
15877 21
15878 21
15879 21
15880 21
15881 21
15882 21
15883 21
15884 21
15885 21
15886 21
15887 21
15888 21
15889 21
15890 21
15891 21
15892 21
15893 21
15894 21
15895 21
15896 21
15897 21
15898 21
15899 21
15900 21
15901 21
15902 21
15903 21
15904 21
15905 21
15906 21
15907 21
15908 21
15909 21
15910 21
15911 21
15912 21
15913 21
15914 21
15915 21
15916 21
15917 21
15918 21
15919 21
15920 21
15921 20
15922 20
15923 20
15924 20
15925 20
15926 20
15927 20
15928 20
15929 20
15930 20
15931 20
15932 20
15933 20
15934 20
15935 20
15936 20
15937 20
15938 20
15939 20
15940 20
15941 20
15942 20
15943 20
15944 20
15945 20
15946 20
15947 20
15948 20
15949 20
15950 20
15951 20
15952 20
15953 20
15954 20
15955 20
15956 20
15957 20
15958 20
15959 20
15960 20
15961 20
15962 20
15963 20
15964 20
15965 20
15966 20
15967 20
15968 20
15969 20
15970 20
15971 20
15972 20
15973 20
15974 20
15975 20
15976 20
15977 20
15978 20
15979 20
15980 20
15981 20
15982 20
15983 20
15984 20
15985 20
15986 20
15987 20
15988 20
15989 20
15990 20
15991 20
15992 20
15993 20
15994 20
15995 20
15996 20
15997 20
15998 20
15999 20
16000 20
16001 20
16002 20
16003 20
16004 20
16005 20
16006 20
16007 20
16008 20
16009 20
16010 20
16011 20
16012 20
16013 20
16014 20
16015 20
16016 20
16017 20
16018 20
16019 20
16020 20
16021 20
16022 20
16023 20
16024 20
16025 20
16026 20
16027 20
16028 20
16029 20
16030 20
16031 20
16032 20
16033 20
16034 20
16035 20
16036 20
16037 20
16038 20
16039 20
16040 20
16041 20
16042 20
16043 20
16044 20
16045 20
16046 20
16047 20
16048 20
16049 20
16050 20
16051 20
16052 20
16053 20
16054 20
16055 20
16056 20
16057 20
16058 20
16059 20
16060 20
16061 20
16062 20
16063 20
16064 20
16065 20
16066 20
16067 20
16068 20
16069 20
16070 20
16071 20
16072 20
16073 20
16074 20
16075 20
16076 20
16077 20
16078 20
16079 20
16080 20
16081 20
16082 20
16083 20
16084 20
16085 20
16086 20
16087 20
16088 20
16089 20
16090 20
16091 20
16092 20
16093 20
16094 20
16095 20
16096 20
16097 20
16098 20
16099 20
16100 20
16101 20
16102 20
16103 20
16104 20
16105 20
16106 20
16107 20
16108 20
16109 20
16110 20
16111 20
16112 20
16113 20
16114 20
16115 20
16116 20
16117 20
16118 20
16119 20
16120 20
16121 19
16122 19
16123 19
16124 19
16125 19
16126 19
16127 19
16128 19
16129 19
16130 19
16131 19
16132 19
16133 19
16134 19
16135 19
16136 19
16137 19
16138 19
16139 19
16140 19
16141 19
16142 19
16143 19
16144 19
16145 19
16146 19
16147 19
16148 19
16149 19
16150 19
16151 19
16152 19
16153 19
16154 19
16155 19
16156 19
16157 19
16158 19
16159 19
16160 19
16161 19
16162 19
16163 19
16164 19
16165 19
16166 19
16167 19
16168 19
16169 19
16170 19
16171 19
16172 19
16173 19
16174 19
16175 19
16176 19
16177 19
16178 19
16179 19
16180 19
16181 19
16182 19
16183 19
16184 19
16185 19
16186 19
16187 19
16188 19
16189 19
16190 19
16191 19
16192 19
16193 19
16194 19
16195 19
16196 19
16197 19
16198 19
16199 19
16200 19
16201 19
16202 19
16203 19
16204 19
16205 19
16206 19
16207 19
16208 19
16209 19
16210 19
16211 19
16212 19
16213 19
16214 19
16215 19
16216 19
16217 19
16218 19
16219 19
16220 19
16221 19
16222 19
16223 19
16224 19
16225 19
16226 19
16227 19
16228 19
16229 19
16230 19
16231 19
16232 19
16233 19
16234 19
16235 19
16236 19
16237 19
16238 19
16239 19
16240 19
16241 19
16242 19
16243 19
16244 19
16245 19
16246 19
16247 19
16248 19
16249 19
16250 19
16251 19
16252 19
16253 19
16254 19
16255 19
16256 19
16257 19
16258 19
16259 19
16260 19
16261 19
16262 19
16263 19
16264 19
16265 19
16266 19
16267 19
16268 19
16269 19
16270 19
16271 19
16272 19
16273 19
16274 19
16275 19
16276 19
16277 19
16278 19
16279 19
16280 19
16281 19
16282 19
16283 19
16284 19
16285 19
16286 19
16287 19
16288 19
16289 19
16290 19
16291 19
16292 19
16293 19
16294 19
16295 19
16296 19
16297 19
16298 19
16299 19
16300 19
16301 19
16302 19
16303 19
16304 19
16305 19
16306 19
16307 19
16308 19
16309 19
16310 19
16311 19
16312 19
16313 19
16314 19
16315 19
16316 19
16317 19
16318 19
16319 19
16320 19
16321 19
16322 19
16323 19
16324 19
16325 19
16326 19
16327 19
16328 19
16329 19
16330 19
16331 18
16332 18
16333 18
16334 18
16335 18
16336 18
16337 18
16338 18
16339 18
16340 18
16341 18
16342 18
16343 18
16344 18
16345 18
16346 18
16347 18
16348 18
16349 18
16350 18
16351 18
16352 18
16353 18
16354 18
16355 18
16356 18
16357 18
16358 18
16359 18
16360 18
16361 18
16362 18
16363 18
16364 18
16365 18
16366 18
16367 18
16368 18
16369 18
16370 18
16371 18
16372 18
16373 18
16374 18
16375 18
16376 18
16377 18
16378 18
16379 18
16380 18
16381 18
16382 18
16383 18
